,FIPS,air_particulate,Year
2,1000,11,2019
3,1001,11.7,2019
4,1003,10.3,2019
5,1005,11.5,2019
6,1007,11.2,2019
7,1009,11.7,2019
8,1011,11.2,2019
9,1013,10.6,2019
10,1015,11.8,2019
11,1017,11.4,2019
12,1019,11.4,2019
13,1021,11.2,2019
14,1023,10.1,2019
15,1025,10.4,2019
16,1027,10.6,2019
17,1029,11,2019
18,1031,10.9,2019
19,1033,10.7,2019
20,1035,10.3,2019
21,1037,11,2019
22,1039,10.5,2019
23,1041,10.7,2019
24,1043,11.6,2019
25,1045,11,2019
26,1047,11.1,2019
27,1049,11.3,2019
28,1051,11.9,2019
29,1053,10.2,2019
30,1055,11.5,2019
31,1057,10.6,2019
32,1059,10.5,2019
33,1061,10.6,2019
34,1063,10.5,2019
35,1065,10.8,2019
36,1067,10.9,2019
37,1069,10.7,2019
38,1071,11,2019
39,1073,13.4,2019
40,1075,10.3,2019
41,1077,11,2019
42,1079,11.3,2019
43,1081,12.1,2019
44,1083,11.8,2019
45,1085,10.9,2019
46,1087,11.7,2019
47,1089,11.6,2019
48,1091,10.6,2019
49,1093,10.5,2019
50,1095,11.8,2019
51,1097,10.8,2019
52,1099,10.4,2019
53,1101,11.9,2019
54,1103,11.6,2019
55,1105,10.7,2019
56,1107,10.5,2019
57,1109,11,2019
58,1111,11,2019
59,1113,12.1,2019
60,1115,12,2019
61,1117,12,2019
62,1119,10.4,2019
63,1121,11.5,2019
64,1123,11.4,2019
65,1125,11.3,2019
66,1127,11.6,2019
67,1129,10.1,2019
68,1131,10.4,2019
69,1133,11,2019
70,2000,NA,2019
71,2013,NA,2019
72,2016,NA,2019
73,2020,NA,2019
74,2050,NA,2019
75,2060,NA,2019
76,2068,NA,2019
77,2070,NA,2019
78,2090,NA,2019
79,2100,NA,2019
80,2105,NA,2019
81,2110,NA,2019
82,2122,NA,2019
83,2130,NA,2019
84,2150,NA,2019
85,2158,NA,2019
86,2164,NA,2019
87,2170,NA,2019
88,2180,NA,2019
89,2185,NA,2019
90,2188,NA,2019
91,2195,NA,2019
92,2198,NA,2019
93,2220,NA,2019
94,2230,NA,2019
95,2240,NA,2019
96,2261,NA,2019
97,2275,NA,2019
98,2282,NA,2019
99,2290,NA,2019
100,4000,5.8,2019
101,4001,5.7,2019
102,4003,7.5,2019
103,4005,5.6,2019
104,4007,5.8,2019
105,4009,6,2019
106,4011,5.7,2019
107,4012,5.7,2019
108,4013,10.6,2019
109,4015,5.1,2019
110,4017,5.7,2019
111,4019,7.9,2019
112,4021,11.7,2019
113,4023,7.6,2019
114,4025,5.1,2019
115,4027,8,2019
116,5000,10,2019
117,5001,10,2019
118,5003,9.6,2019
119,5005,9.7,2019
120,5007,10.4,2019
121,5009,9.4,2019
122,5011,9.8,2019
123,5013,9.7,2019
124,5015,9.4,2019
125,5017,10,2019
126,5019,10.1,2019
127,5021,10.8,2019
128,5023,10.1,2019
129,5025,9.8,2019
130,5027,9.8,2019
131,5029,10.2,2019
132,5031,10.8,2019
133,5033,10.3,2019
134,5035,10.1,2019
135,5037,10.2,2019
136,5039,9.9,2019
137,5041,10,2019
138,5043,9.8,2019
139,5045,10.6,2019
140,5047,9.8,2019
141,5049,9.7,2019
142,5051,9.9,2019
143,5053,10,2019
144,5055,10.8,2019
145,5057,10.1,2019
146,5059,10.2,2019
147,5061,10,2019
148,5063,10.2,2019
149,5065,9.8,2019
150,5067,10.2,2019
151,5069,10.4,2019
152,5071,9.8,2019
153,5073,9.7,2019
154,5075,10.4,2019
155,5077,10.1,2019
156,5079,10,2019
157,5081,10.1,2019
158,5083,9.9,2019
159,5085,10.7,2019
160,5087,9.2,2019
161,5089,9.4,2019
162,5091,10.1,2019
163,5093,10.7,2019
164,5095,10.1,2019
165,5097,9.5,2019
166,5099,10,2019
167,5101,8.9,2019
168,5103,9.9,2019
169,5105,10,2019
170,5107,10.2,2019
171,5109,9.8,2019
172,5111,10.5,2019
173,5113,9.4,2019
174,5115,10.2,2019
175,5117,10.2,2019
176,5119,10.8,2019
177,5121,10.2,2019
178,5123,10.2,2019
179,5125,10.6,2019
180,5127,9.4,2019
181,5129,9.3,2019
182,5131,10.6,2019
183,5133,9.9,2019
184,5135,10,2019
185,5137,9.6,2019
186,5139,9.8,2019
187,5141,9.8,2019
188,5143,9.9,2019
189,5145,10.5,2019
190,5147,10.1,2019
191,5149,10.1,2019
192,6000,9.5,2019
193,6001,10.4,2019
194,6003,5.6,2019
195,6005,8.9,2019
196,6007,8.9,2019
197,6009,9,2019
198,6011,8.7,2019
199,6013,11.6,2019
200,6015,8.5,2019
201,6017,9.3,2019
202,6019,15.3,2019
203,6021,9.1,2019
204,6023,8.8,2019
205,6025,13.5,2019
206,6027,7.3,2019
207,6029,19.7,2019
208,6031,16.7,2019
209,6033,6.9,2019
210,6035,7.4,2019
211,6037,14.2,2019
212,6039,14,2019
213,6041,10.3,2019
214,6043,9.2,2019
215,6045,8.8,2019
216,6047,12,2019
217,6049,6.6,2019
218,6051,6.1,2019
219,6053,6.7,2019
220,6055,10.6,2019
221,6057,8.1,2019
222,6059,10.6,2019
223,6061,10.5,2019
224,6063,9.9,2019
225,6065,14.8,2019
226,6067,9.1,2019
227,6069,6.2,2019
228,6071,14.9,2019
229,6073,10.4,2019
230,6075,9.8,2019
231,6077,11.9,2019
232,6079,10.5,2019
233,6081,9.2,2019
234,6083,10.2,2019
235,6085,8.9,2019
236,6087,7.5,2019
237,6089,8.4,2019
238,6091,6.7,2019
239,6093,9.6,2019
240,6095,11,2019
241,6097,10.1,2019
242,6099,12.3,2019
243,6101,9.4,2019
244,6103,8.7,2019
245,6105,7.8,2019
246,6107,17.8,2019
247,6109,8.9,2019
248,6111,11.2,2019
249,6113,9.8,2019
250,6115,9.6,2019
251,8000,5.05,2019
252,8001,9.2,2019
253,8003,4.6,2019
254,8005,8.1,2019
255,8007,4.4,2019
256,8009,5.6,2019
257,8011,5.4,2019
258,8013,7.7,2019
259,8014,8.5,2019
260,8015,4.2,2019
261,8017,5.8,2019
262,8019,4.6,2019
263,8021,4.4,2019
264,8023,4.2,2019
265,8025,5.4,2019
266,8027,4.2,2019
267,8029,5.3,2019
268,8031,8.2,2019
269,8033,4.4,2019
270,8035,7,2019
271,8037,4.2,2019
272,8039,6.2,2019
273,8041,6.1,2019
274,8043,5,2019
275,8045,5.1,2019
276,8047,4.6,2019
277,8049,4.1,2019
278,8051,4.2,2019
279,8053,3.8,2019
280,8055,4.4,2019
281,8057,3.4,2019
282,8059,8.4,2019
283,8061,5.8,2019
284,8063,6.1,2019
285,8065,3.9,2019
286,8067,5,2019
287,8069,6.6,2019
288,8071,4.8,2019
289,8073,5.5,2019
290,8075,5.7,2019
291,8077,6.4,2019
292,8079,3.8,2019
293,8081,4.3,2019
294,8083,5.1,2019
295,8085,5,2019
296,8087,6.3,2019
297,8089,5.7,2019
298,8091,4.1,2019
299,8093,4.5,2019
300,8095,5.9,2019
301,8097,4,2019
302,8099,6.4,2019
303,8101,6,2019
304,8103,5.7,2019
305,8105,4.4,2019
306,8107,3.9,2019
307,8109,4.1,2019
308,8111,4,2019
309,8113,4.6,2019
310,8115,5.7,2019
311,8117,4.1,2019
312,8119,5,2019
313,8121,5.7,2019
314,8123,8.6,2019
315,8125,5.9,2019
316,9000,8,2019
317,9001,10,2019
318,9003,7.6,2019
319,9005,7.9,2019
320,9007,8.6,2019
321,9009,8.4,2019
322,9011,7.8,2019
323,9013,8.1,2019
324,9015,7.2,2019
325,10000,9.3,2019
326,10001,9.3,2019
327,10003,10,2019
328,10005,9.2,2019
329,11000,9.7,2019
330,11001,9.7,2019
331,12000,8.2,2019
332,12001,8.3,2019
333,12003,8.4,2019
334,12005,9.8,2019
335,12007,8.1,2019
336,12009,7.3,2019
337,12011,6.6,2019
338,12013,9.7,2019
339,12015,7.7,2019
340,12017,8.1,2019
341,12019,8.6,2019
342,12021,7.7,2019
343,12023,8.8,2019
344,12027,7.5,2019
345,12029,8.1,2019
346,12031,8.5,2019
347,12033,9.9,2019
348,12035,7.5,2019
349,12037,9.1,2019
350,12039,10.6,2019
351,12041,8.2,2019
352,12043,7.1,2019
353,12045,9.1,2019
354,12047,9.2,2019
355,12049,7.6,2019
356,12051,7.3,2019
357,12053,8.3,2019
358,12055,7.5,2019
359,12057,7.1,2019
360,12059,10.1,2019
361,12061,7,2019
362,12063,10.5,2019
363,12065,10,2019
364,12067,8.7,2019
365,12069,8.2,2019
366,12071,7.6,2019
367,12073,10.5,2019
368,12075,8.2,2019
369,12077,9.3,2019
370,12079,9.7,2019
371,12081,8.1,2019
372,12083,8.5,2019
373,12085,7.1,2019
374,12086,7.2,2019
375,12087,8,2019
376,12089,8.9,2019
377,12091,10.1,2019
378,12093,7.1,2019
379,12095,6.9,2019
380,12097,8.1,2019
381,12099,5.9,2019
382,12101,8.6,2019
383,12103,6.8,2019
384,12105,8.3,2019
385,12107,8,2019
386,12109,8.4,2019
387,12111,7,2019
388,12113,10.1,2019
389,12115,7.8,2019
390,12117,7.7,2019
391,12119,8.3,2019
392,12121,9.1,2019
393,12123,9,2019
394,12125,8.1,2019
395,12127,7.6,2019
396,12129,9.7,2019
397,12131,10.1,2019
398,12133,10,2019
399,13000,10.9,2019
400,13001,10.6,2019
401,13003,10.4,2019
402,13005,10.4,2019
403,13007,10.8,2019
404,13009,11.4,2019
405,13011,10.4,2019
406,13013,11.1,2019
407,13015,11.2,2019
408,13017,10.7,2019
409,13019,10.8,2019
410,13021,11.3,2019
411,13023,11,2019
412,13025,9.5,2019
413,13027,10.7,2019
414,13029,10.3,2019
415,13031,10.6,2019
416,13033,11,2019
417,13035,11.3,2019
418,13037,10.6,2019
419,13039,9,2019
420,13043,10.5,2019
421,13045,11.1,2019
422,13047,11,2019
423,13049,8.9,2019
424,13051,9.9,2019
425,13053,11.5,2019
426,13055,10.9,2019
427,13057,11.2,2019
428,13059,11,2019
429,13061,10.5,2019
430,13063,11.5,2019
431,13065,9.6,2019
432,13067,10.5,2019
433,13069,10.8,2019
434,13071,11,2019
435,13073,11.2,2019
436,13075,10.7,2019
437,13077,11.3,2019
438,13079,11.4,2019
439,13081,11,2019
440,13083,10.5,2019
441,13085,10,2019
442,13087,10.9,2019
443,13089,10.2,2019
444,13091,11.1,2019
445,13093,11.2,2019
446,13095,10.7,2019
447,13097,11.4,2019
448,13099,10.8,2019
449,13101,9.5,2019
450,13103,10.4,2019
451,13105,10.6,2019
452,13107,10.7,2019
453,13109,10.4,2019
454,13111,9.4,2019
455,13113,11.5,2019
456,13115,10.9,2019
457,13117,11.2,2019
458,13119,10.5,2019
459,13121,12,2019
460,13123,9.9,2019
461,13125,10.6,2019
462,13127,8.9,2019
463,13129,11,2019
464,13131,11.1,2019
465,13133,11.1,2019
466,13135,11.2,2019
467,13137,9.7,2019
468,13139,10.5,2019
469,13141,10.9,2019
470,13143,10.7,2019
471,13145,11.3,2019
472,13147,10.6,2019
473,13149,10.8,2019
474,13151,11.7,2019
475,13153,11.3,2019
476,13155,10.6,2019
477,13157,11,2019
478,13159,11.3,2019
479,13161,10.6,2019
480,13163,11,2019
481,13165,10.4,2019
482,13167,10.8,2019
483,13169,11.6,2019
484,13171,11.2,2019
485,13173,10.1,2019
486,13175,11.2,2019
487,13177,11.2,2019
488,13179,10.2,2019
489,13181,10.4,2019
490,13183,10.2,2019
491,13185,10.4,2019
492,13187,9.6,2019
493,13189,10.9,2019
494,13191,9.4,2019
495,13193,11.4,2019
496,13195,10.9,2019
497,13197,11,2019
498,13199,11,2019
499,13201,10.6,2019
500,13205,11.1,2019
501,13207,11.5,2019
502,13209,10.7,2019
503,13211,11.3,2019
504,13213,10.5,2019
505,13215,11.9,2019
506,13217,11.5,2019
507,13219,11.1,2019
508,13221,10.9,2019
509,13223,10.7,2019
510,13225,11.5,2019
511,13227,10.2,2019
512,13229,10.1,2019
513,13231,11.1,2019
514,13233,10.9,2019
515,13235,11,2019
516,13237,11.3,2019
517,13239,10.9,2019
518,13241,8.8,2019
519,13243,10.7,2019
520,13245,11.3,2019
521,13247,11.6,2019
522,13249,11.1,2019
523,13251,10.4,2019
524,13253,10.4,2019
525,13255,11.3,2019
526,13257,9.8,2019
527,13259,11,2019
528,13261,11.4,2019
529,13263,11,2019
530,13265,10.5,2019
531,13267,10.6,2019
532,13269,11.2,2019
533,13271,10.8,2019
534,13273,10.9,2019
535,13275,11.2,2019
536,13277,10.9,2019
537,13279,10.7,2019
538,13281,8.7,2019
539,13283,10.6,2019
540,13285,11.2,2019
541,13287,10.7,2019
542,13289,11.2,2019
543,13291,9,2019
544,13293,11.2,2019
545,13295,11,2019
546,13297,11.4,2019
547,13299,10.1,2019
548,13301,10.8,2019
549,13303,10.8,2019
550,13305,10.2,2019
551,13307,10.9,2019
552,13309,10.7,2019
553,13311,9.4,2019
554,13313,10.9,2019
555,13315,10.9,2019
556,13317,10.6,2019
557,13319,11.3,2019
558,13321,11,2019
559,15000,NA,2019
560,15001,NA,2019
561,15003,NA,2019
562,15005,NA,2019
563,15007,NA,2019
564,15009,NA,2019
565,16000,7.4,2019
566,16001,10.6,2019
567,16003,6.6,2019
568,16005,6.7,2019
569,16007,5.4,2019
570,16009,9.5,2019
571,16011,7.4,2019
572,16013,6.2,2019
573,16015,5.9,2019
574,16017,10,2019
575,16019,7.8,2019
576,16021,7.1,2019
577,16023,5.8,2019
578,16025,5.4,2019
579,16027,10.7,2019
580,16029,5.9,2019
581,16031,7.1,2019
582,16033,6.2,2019
583,16035,8.8,2019
584,16037,5.9,2019
585,16039,7.3,2019
586,16041,5.9,2019
587,16043,6.7,2019
588,16045,9.4,2019
589,16047,7.5,2019
590,16049,8.9,2019
591,16051,7.8,2019
592,16053,7.9,2019
593,16055,11.8,2019
594,16057,9.3,2019
595,16059,9,2019
596,16061,8.5,2019
597,16063,6.6,2019
598,16065,7.4,2019
599,16067,7.4,2019
600,16069,9,2019
601,16071,6,2019
602,16073,8,2019
603,16075,9.2,2019
604,16077,6.5,2019
605,16079,9.7,2019
606,16081,5.4,2019
607,16083,7.6,2019
608,16085,6.6,2019
609,16087,7.5,2019
610,17000,11.5,2019
611,17001,10.7,2019
612,17003,11.3,2019
613,17005,11.3,2019
614,17007,11.4,2019
615,17009,10.3,2019
616,17011,11.5,2019
617,17013,10.8,2019
618,17015,10.7,2019
619,17017,10.8,2019
620,17019,11.8,2019
621,17021,11.5,2019
622,17023,11.4,2019
623,17025,11.6,2019
624,17027,11.6,2019
625,17029,11.6,2019
626,17031,15,2019
627,17033,11.7,2019
628,17035,11.6,2019
629,17037,12.1,2019
630,17039,11.5,2019
631,17041,11.5,2019
632,17043,13.2,2019
633,17045,11.3,2019
634,17047,11.7,2019
635,17049,11.8,2019
636,17051,11.5,2019
637,17053,11.5,2019
638,17055,11.7,2019
639,17057,11.2,2019
640,17059,11.4,2019
641,17061,10.8,2019
642,17063,12,2019
643,17065,11.3,2019
644,17067,10.8,2019
645,17069,11.1,2019
646,17071,10.7,2019
647,17073,11.3,2019
648,17075,11.7,2019
649,17077,11.5,2019
650,17079,11.6,2019
651,17081,11.6,2019
652,17083,11,2019
653,17085,10.3,2019
654,17087,11.2,2019
655,17089,12.8,2019
656,17091,12.3,2019
657,17093,12.4,2019
658,17095,11.1,2019
659,17097,12.6,2019
660,17099,12,2019
661,17101,11.8,2019
662,17103,11.4,2019
663,17105,11.6,2019
664,17107,11.5,2019
665,17109,10.8,2019
666,17111,12.1,2019
667,17113,11.7,2019
668,17115,11.8,2019
669,17117,11.5,2019
670,17119,12.6,2019
671,17121,11.6,2019
672,17123,11.5,2019
673,17125,11.2,2019
674,17127,11.2,2019
675,17129,11.1,2019
676,17131,10.8,2019
677,17133,11.3,2019
678,17135,11.4,2019
679,17137,10.9,2019
680,17139,11.5,2019
681,17141,11.5,2019
682,17143,11.9,2019
683,17145,11.4,2019
684,17147,11.6,2019
685,17149,10.6,2019
686,17151,11.1,2019
687,17153,11.1,2019
688,17155,11.3,2019
689,17157,11,2019
690,17159,11.7,2019
691,17161,11,2019
692,17163,11.9,2019
693,17165,11.5,2019
694,17167,11.5,2019
695,17169,10.6,2019
696,17171,10.6,2019
697,17173,11.6,2019
698,17175,11,2019
699,17177,10.7,2019
700,17179,12.1,2019
701,17181,11.2,2019
702,17183,11.6,2019
703,17185,11.8,2019
704,17187,10.9,2019
705,17189,11.3,2019
706,17191,11.6,2019
707,17193,11.6,2019
708,17195,11.2,2019
709,17197,13.3,2019
710,17199,11.6,2019
711,17201,11.5,2019
712,17203,11.9,2019
713,18000,11.75,2019
714,18001,12.5,2019
715,18003,12.6,2019
716,18005,11.2,2019
717,18007,11,2019
718,18009,11.7,2019
719,18011,12,2019
720,18013,10.8,2019
721,18015,11.6,2019
722,18017,12,2019
723,18019,12,2019
724,18021,11.2,2019
725,18023,11.5,2019
726,18025,11.6,2019
727,18027,12.1,2019
728,18029,11.8,2019
729,18031,11.4,2019
730,18033,12.4,2019
731,18035,11.5,2019
732,18037,11.9,2019
733,18039,13.1,2019
734,18041,11.2,2019
735,18043,12,2019
736,18045,11.1,2019
737,18047,11.4,2019
738,18049,12,2019
739,18051,12.2,2019
740,18053,12,2019
741,18055,10.9,2019
742,18057,11.6,2019
743,18059,11.9,2019
744,18061,12.3,2019
745,18063,12.2,2019
746,18065,11,2019
747,18067,11.6,2019
748,18069,12.3,2019
749,18071,11.3,2019
750,18073,12,2019
751,18075,12.1,2019
752,18077,11.3,2019
753,18079,11.3,2019
754,18081,12.1,2019
755,18083,12.2,2019
756,18085,12.8,2019
757,18087,12.7,2019
758,18089,14.3,2019
759,18091,12.4,2019
760,18093,11.1,2019
761,18095,11.4,2019
762,18097,12.8,2019
763,18099,12.7,2019
764,18101,11.4,2019
765,18103,12.1,2019
766,18105,10.4,2019
767,18107,11.3,2019
768,18109,11.8,2019
769,18111,11.7,2019
770,18113,12.8,2019
771,18115,11.4,2019
772,18117,11.4,2019
773,18119,10.8,2019
774,18121,11.1,2019
775,18123,12.1,2019
776,18125,12.3,2019
777,18127,12.7,2019
778,18129,12.1,2019
779,18131,11.7,2019
780,18133,11.2,2019
781,18135,11.8,2019
782,18137,11.4,2019
783,18139,11.3,2019
784,18141,12.8,2019
785,18143,11.4,2019
786,18145,11.8,2019
787,18147,12.1,2019
788,18149,12.3,2019
789,18151,12,2019
790,18153,11.5,2019
791,18155,11.3,2019
792,18157,10.9,2019
793,18159,11.7,2019
794,18161,11.2,2019
795,18163,12.5,2019
796,18165,11.4,2019
797,18167,11.3,2019
798,18169,12.3,2019
799,18171,10.9,2019
800,18173,12.6,2019
801,18175,11.5,2019
802,18177,11.5,2019
803,18179,12.4,2019
804,18181,11.7,2019
805,18183,11.9,2019
806,19000,9,2019
807,19001,8.7,2019
808,19003,8.7,2019
809,19005,8.9,2019
810,19007,9.2,2019
811,19009,8.7,2019
812,19011,9.9,2019
813,19013,9.4,2019
814,19015,9.1,2019
815,19017,9.3,2019
816,19019,9.7,2019
817,19021,8.7,2019
818,19023,9.1,2019
819,19025,8.8,2019
820,19027,8.9,2019
821,19029,8.7,2019
822,19031,10.4,2019
823,19033,8.6,2019
824,19035,8.6,2019
825,19037,8.8,2019
826,19039,8.9,2019
827,19041,8.2,2019
828,19043,9.4,2019
829,19045,10.4,2019
830,19047,8.8,2019
831,19049,9.2,2019
832,19051,9.4,2019
833,19053,9,2019
834,19055,9.5,2019
835,19057,10.7,2019
836,19059,8,2019
837,19061,10.1,2019
838,19063,8,2019
839,19065,9.4,2019
840,19067,8.6,2019
841,19069,8.8,2019
842,19071,9.1,2019
843,19073,8.8,2019
844,19075,9.3,2019
845,19077,8.8,2019
846,19079,9.1,2019
847,19081,8.4,2019
848,19083,9.2,2019
849,19085,8.9,2019
850,19087,10.3,2019
851,19089,8.3,2019
852,19091,8.6,2019
853,19093,8.6,2019
854,19095,9.9,2019
855,19097,10.2,2019
856,19099,9.4,2019
857,19101,9.9,2019
858,19103,9.3,2019
859,19105,10,2019
860,19107,9.8,2019
861,19109,8.3,2019
862,19111,10.7,2019
863,19113,9.7,2019
864,19115,10.5,2019
865,19117,9,2019
866,19119,8.3,2019
867,19121,8.8,2019
868,19123,9.6,2019
869,19125,9.4,2019
870,19127,9.3,2019
871,19129,9.1,2019
872,19131,8.2,2019
873,19133,8.8,2019
874,19135,9.3,2019
875,19137,8.5,2019
876,19139,11.2,2019
877,19141,8.5,2019
878,19143,8.1,2019
879,19145,9,2019
880,19147,8.1,2019
881,19149,8.9,2019
882,19151,8.5,2019
883,19153,8.6,2019
884,19155,9.5,2019
885,19157,9.6,2019
886,19159,8.9,2019
887,19161,8.8,2019
888,19163,10.3,2019
889,19165,8.6,2019
890,19167,8.8,2019
891,19169,9.3,2019
892,19171,9.5,2019
893,19173,9,2019
894,19175,8.9,2019
895,19177,9.3,2019
896,19179,9.7,2019
897,19181,9.2,2019
898,19183,10.3,2019
899,19185,9,2019
900,19187,8.9,2019
901,19189,8.1,2019
902,19191,8.7,2019
903,19193,9,2019
904,19195,8.1,2019
905,19197,8.8,2019
906,20000,8.1,2019
907,20001,9.5,2019
908,20003,9.2,2019
909,20005,9.7,2019
910,20007,7.8,2019
911,20009,7.9,2019
912,20011,9.5,2019
913,20013,9.4,2019
914,20015,9.6,2019
915,20017,8.6,2019
916,20019,9.1,2019
917,20021,9.9,2019
918,20023,6.2,2019
919,20025,7.1,2019
920,20027,8.3,2019
921,20029,8.1,2019
922,20031,9.2,2019
923,20033,7.2,2019
924,20035,9.3,2019
925,20037,9.7,2019
926,20039,6.6,2019
927,20041,8.8,2019
928,20043,9.9,2019
929,20045,9.8,2019
930,20047,7.5,2019
931,20049,8.9,2019
932,20051,7.5,2019
933,20053,7.8,2019
934,20055,7.6,2019
935,20057,7.6,2019
936,20059,9.4,2019
937,20061,8.8,2019
938,20063,6.9,2019
939,20065,6.8,2019
940,20067,7.2,2019
941,20069,7.4,2019
942,20071,6.6,2019
943,20073,8.9,2019
944,20075,6.8,2019
945,20077,8.5,2019
946,20079,9.2,2019
947,20081,7.4,2019
948,20083,7.2,2019
949,20085,9.3,2019
950,20087,9.7,2019
951,20089,7.6,2019
952,20091,9.8,2019
953,20093,7.2,2019
954,20095,8.4,2019
955,20097,7.3,2019
956,20099,9.9,2019
957,20101,7,2019
958,20103,10.1,2019
959,20105,7.7,2019
960,20107,9.3,2019
961,20109,6.7,2019
962,20111,9.1,2019
963,20113,8.8,2019
964,20115,8.9,2019
965,20117,8.8,2019
966,20119,7.1,2019
967,20121,9.7,2019
968,20123,7.8,2019
969,20125,10.1,2019
970,20127,8.7,2019
971,20129,6.5,2019
972,20131,9.2,2019
973,20133,9.6,2019
974,20135,7.1,2019
975,20137,6.7,2019
976,20139,9.3,2019
977,20141,7.3,2019
978,20143,8.2,2019
979,20145,7.7,2019
980,20147,7.1,2019
981,20149,9.1,2019
982,20151,7.8,2019
983,20153,6.4,2019
984,20155,8.8,2019
985,20157,8,2019
986,20159,8.1,2019
987,20161,9,2019
988,20163,7.2,2019
989,20165,7.5,2019
990,20167,7.5,2019
991,20169,8.5,2019
992,20171,7,2019
993,20173,10,2019
994,20175,7.2,2019
995,20177,9.6,2019
996,20179,6.7,2019
997,20181,6.4,2019
998,20183,7.3,2019
999,20185,7.8,2019
1000,20187,6.5,2019
1001,20189,7,2019
1002,20191,9.1,2019
1003,20193,6.6,2019
1004,20195,6.9,2019
1005,20197,8.9,2019
1006,20199,6.5,2019
1007,20201,8.4,2019
1008,20203,6.8,2019
1009,20205,9.7,2019
1010,20207,9.2,2019
1011,20209,10.1,2019
1012,21000,10.7,2019
1013,21001,10.4,2019
1014,21003,10.6,2019
1015,21005,10.9,2019
1016,21007,11.1,2019
1017,21009,10.8,2019
1018,21011,10,2019
1019,21013,9.7,2019
1020,21015,12,2019
1021,21017,10.5,2019
1022,21019,10.4,2019
1023,21021,10.5,2019
1024,21023,10.5,2019
1025,21025,9.7,2019
1026,21027,11.8,2019
1027,21029,12.4,2019
1028,21031,11.1,2019
1029,21033,10.9,2019
1030,21035,10.7,2019
1031,21037,11.7,2019
1032,21039,11,2019
1033,21041,11.1,2019
1034,21043,9.6,2019
1035,21045,10.4,2019
1036,21047,10.9,2019
1037,21049,10.4,2019
1038,21051,9.8,2019
1039,21053,9.7,2019
1040,21055,11.1,2019
1041,21057,9.9,2019
1042,21059,12.2,2019
1043,21061,11,2019
1044,21063,9.4,2019
1045,21065,9.8,2019
1046,21067,10.8,2019
1047,21069,10.1,2019
1048,21071,10,2019
1049,21073,11,2019
1050,21075,10.9,2019
1051,21077,11.1,2019
1052,21079,10.4,2019
1053,21081,10.9,2019
1054,21083,11,2019
1055,21085,11.3,2019
1056,21087,10.7,2019
1057,21089,10.4,2019
1058,21091,12.1,2019
1059,21093,11.8,2019
1060,21095,9.6,2019
1061,21097,10.5,2019
1062,21099,11,2019
1063,21101,12,2019
1064,21103,11.2,2019
1065,21105,10.7,2019
1066,21107,11.6,2019
1067,21109,9.8,2019
1068,21111,12.9,2019
1069,21113,10.8,2019
1070,21115,9.8,2019
1071,21117,12.2,2019
1072,21119,9.7,2019
1073,21121,9.9,2019
1074,21123,11.2,2019
1075,21125,10,2019
1076,21127,9.9,2019
1077,21129,9.6,2019
1078,21131,9.5,2019
1079,21133,9.5,2019
1080,21135,10,2019
1081,21137,10.3,2019
1082,21139,11.1,2019
1083,21141,11,2019
1084,21143,10.9,2019
1085,21145,11.1,2019
1086,21147,9.6,2019
1087,21149,11.8,2019
1088,21151,10.1,2019
1089,21153,9.7,2019
1090,21155,10.9,2019
1091,21157,11.1,2019
1092,21159,9.8,2019
1093,21161,10.3,2019
1094,21163,12.1,2019
1095,21165,9.5,2019
1096,21167,10.7,2019
1097,21169,10.5,2019
1098,21171,10.2,2019
1099,21173,10.1,2019
1100,21175,9.6,2019
1101,21177,11.4,2019
1102,21179,11.5,2019
1103,21181,10.1,2019
1104,21183,11.7,2019
1105,21185,11.9,2019
1106,21187,10.9,2019
1107,21189,9.5,2019
1108,21191,10.7,2019
1109,21193,9.6,2019
1110,21195,9.6,2019
1111,21197,9.7,2019
1112,21199,10,2019
1113,21201,10.1,2019
1114,21203,10,2019
1115,21205,9.7,2019
1116,21207,10.1,2019
1117,21209,10.9,2019
1118,21211,11.5,2019
1119,21213,10.8,2019
1120,21215,11.4,2019
1121,21217,10.7,2019
1122,21219,10.8,2019
1123,21221,10.6,2019
1124,21223,11.2,2019
1125,21225,11.6,2019
1126,21227,10.8,2019
1127,21229,10.8,2019
1128,21231,9.7,2019
1129,21233,11.6,2019
1130,21235,9.9,2019
1131,21237,9.5,2019
1132,21239,11,2019
1133,22000,9.4,2019
1134,22001,9.4,2019
1135,22003,9.2,2019
1136,22005,10,2019
1137,22007,9.3,2019
1138,22009,9.2,2019
1139,22011,9.4,2019
1140,22013,9.7,2019
1141,22015,10.3,2019
1142,22017,10.3,2019
1143,22019,9.5,2019
1144,22021,9.2,2019
1145,22023,9.1,2019
1146,22025,9,2019
1147,22027,9.6,2019
1148,22029,9,2019
1149,22031,9.9,2019
1150,22033,9,2019
1151,22035,9.6,2019
1152,22037,9.3,2019
1153,22039,9.3,2019
1154,22041,9.3,2019
1155,22043,9.5,2019
1156,22045,9.4,2019
1157,22047,9.5,2019
1158,22049,9.5,2019
1159,22051,8,2019
1160,22053,9,2019
1161,22055,9.4,2019
1162,22057,9.3,2019
1163,22059,9.1,2019
1164,22061,9.6,2019
1165,22063,9.7,2019
1166,22065,9.6,2019
1167,22067,9.8,2019
1168,22069,9.6,2019
1169,22071,9,2019
1170,22073,9.5,2019
1171,22075,8.9,2019
1172,22077,9.3,2019
1173,22079,9.3,2019
1174,22081,9.4,2019
1175,22083,9.6,2019
1176,22085,9.4,2019
1177,22087,9,2019
1178,22089,9,2019
1179,22091,8.8,2019
1180,22093,9.5,2019
1181,22095,9.2,2019
1182,22097,9.5,2019
1183,22099,9.6,2019
1184,22101,9,2019
1185,22103,9.3,2019
1186,22105,8.9,2019
1187,22107,9.2,2019
1188,22109,8.7,2019
1189,22111,9.8,2019
1190,22113,9.4,2019
1191,22115,9.5,2019
1192,22117,9.1,2019
1193,22119,9.9,2019
1194,22121,9,2019
1195,22123,9.6,2019
1196,22125,9,2019
1197,22127,9.4,2019
1198,23000,7.35,2019
1199,23001,7.6,2019
1200,23003,8.1,2019
1201,23005,8,2019
1202,23007,6.9,2019
1203,23009,6.3,2019
1204,23011,7.7,2019
1205,23013,7.2,2019
1206,23015,7.5,2019
1207,23017,7.4,2019
1208,23019,7.2,2019
1209,23021,6.7,2019
1210,23023,7.7,2019
1211,23025,7.3,2019
1212,23027,7.1,2019
1213,23029,6.5,2019
1214,23031,7.7,2019
1215,24000,9.6,2019
1216,24001,9,2019
1217,24003,10.6,2019
1218,24005,10.9,2019
1219,24009,9.3,2019
1220,24011,9.4,2019
1221,24013,10.5,2019
1222,24015,10.7,2019
1223,24017,9.3,2019
1224,24019,9.4,2019
1225,24021,10.3,2019
1226,24023,8.7,2019
1227,24025,10.9,2019
1228,24027,11,2019
1229,24029,9.7,2019
1230,24031,10.8,2019
1231,24033,9.9,2019
1232,24035,9.7,2019
1233,24037,9,2019
1234,24039,9,2019
1235,24041,9.3,2019
1236,24043,10.1,2019
1237,24045,9.3,2019
1238,24047,9,2019
1239,24510,9.5,2019
1240,25000,7.7,2019
1241,25001,6.7,2019
1242,25003,7.7,2019
1243,25005,6.9,2019
1244,25007,6,2019
1245,25009,7.8,2019
1246,25011,7.7,2019
1247,25013,8.2,2019
1248,25015,8,2019
1249,25017,8.5,2019
1250,25019,6,2019
1251,25021,8.1,2019
1252,25023,7.2,2019
1253,25025,7.6,2019
1254,25027,7.9,2019
1255,26000,8.4,2019
1256,26001,7.5,2019
1257,26003,6.4,2019
1258,26005,11,2019
1259,26007,7.5,2019
1260,26009,7.4,2019
1261,26011,8.3,2019
1262,26013,6,2019
1263,26015,11.2,2019
1264,26017,9.5,2019
1265,26019,7.5,2019
1266,26021,11.8,2019
1267,26023,11.8,2019
1268,26025,11.5,2019
1269,26027,12.9,2019
1270,26029,7.4,2019
1271,26031,7.1,2019
1272,26033,6.9,2019
1273,26035,8.3,2019
1274,26037,10.6,2019
1275,26039,7.4,2019
1276,26041,7.1,2019
1277,26043,7,2019
1278,26045,10.9,2019
1279,26047,7.1,2019
1280,26049,10.2,2019
1281,26051,8.4,2019
1282,26053,6.4,2019
1283,26055,7.7,2019
1284,26057,9.7,2019
1285,26059,11.3,2019
1286,26061,6.1,2019
1287,26063,9,2019
1288,26065,10.6,2019
1289,26067,10.6,2019
1290,26069,7.9,2019
1291,26071,6.6,2019
1292,26073,9.1,2019
1293,26075,11,2019
1294,26077,11.7,2019
1295,26079,7.4,2019
1296,26081,11.5,2019
1297,26083,5.7,2019
1298,26085,8.1,2019
1299,26087,10.3,2019
1300,26089,7.5,2019
1301,26091,10.8,2019
1302,26093,10.8,2019
1303,26095,6.3,2019
1304,26097,7,2019
1305,26099,11,2019
1306,26101,7.7,2019
1307,26103,6.6,2019
1308,26105,8.4,2019
1309,26107,8.9,2019
1310,26109,7.9,2019
1311,26111,9.4,2019
1312,26113,7.3,2019
1313,26115,11,2019
1314,26117,10,2019
1315,26119,7.2,2019
1316,26121,10.3,2019
1317,26123,9.6,2019
1318,26125,11.1,2019
1319,26127,9,2019
1320,26129,7.9,2019
1321,26131,6,2019
1322,26133,8.2,2019
1323,26135,7.4,2019
1324,26137,7.2,2019
1325,26139,11.4,2019
1326,26141,7.2,2019
1327,26143,7.7,2019
1328,26145,10,2019
1329,26147,11,2019
1330,26149,12.6,2019
1331,26151,9.8,2019
1332,26153,6.6,2019
1333,26155,10.3,2019
1334,26157,9.7,2019
1335,26159,11.8,2019
1336,26161,11,2019
1337,26163,11.4,2019
1338,26165,7.7,2019
1339,27000,6.9,2019
1340,27001,6.1,2019
1341,27003,7.9,2019
1342,27005,6.8,2019
1343,27007,6.6,2019
1344,27009,6.8,2019
1345,27011,5.9,2019
1346,27013,8,2019
1347,27015,7.5,2019
1348,27017,6.6,2019
1349,27019,7.5,2019
1350,27021,6.6,2019
1351,27023,6.5,2019
1352,27025,7.4,2019
1353,27027,7,2019
1354,27029,6.1,2019
1355,27031,5.6,2019
1356,27033,7.4,2019
1357,27035,6.2,2019
1358,27037,8.3,2019
1359,27039,7.8,2019
1360,27041,6.3,2019
1361,27043,8,2019
1362,27045,8.4,2019
1363,27047,8.1,2019
1364,27049,8.2,2019
1365,27051,6.2,2019
1366,27053,8.5,2019
1367,27055,8.7,2019
1368,27057,6.4,2019
1369,27059,7.2,2019
1370,27061,7.1,2019
1371,27063,7.8,2019
1372,27065,6.4,2019
1373,27067,6.6,2019
1374,27069,6.4,2019
1375,27071,6.1,2019
1376,27073,6.2,2019
1377,27075,6.4,2019
1378,27077,5.9,2019
1379,27079,7.7,2019
1380,27081,6.7,2019
1381,27083,6.8,2019
1382,27085,6.9,2019
1383,27087,6.2,2019
1384,27089,6.5,2019
1385,27091,7.9,2019
1386,27093,6.5,2019
1387,27095,6.7,2019
1388,27097,6.4,2019
1389,27099,8.1,2019
1390,27101,7.3,2019
1391,27103,7.8,2019
1392,27105,7.9,2019
1393,27107,6.3,2019
1394,27109,8.1,2019
1395,27111,6.8,2019
1396,27113,6.2,2019
1397,27115,6.7,2019
1398,27117,7.5,2019
1399,27119,6.9,2019
1400,27121,6.2,2019
1401,27123,9,2019
1402,27125,6.2,2019
1403,27127,7,2019
1404,27129,6.9,2019
1405,27131,7.9,2019
1406,27133,7.9,2019
1407,27135,6.4,2019
1408,27137,7.7,2019
1409,27139,7.6,2019
1410,27141,7.3,2019
1411,27143,7.2,2019
1412,27145,7,2019
1413,27147,7.8,2019
1414,27149,6.2,2019
1415,27151,6.3,2019
1416,27153,6.4,2019
1417,27155,6,2019
1418,27157,8.2,2019
1419,27159,6.1,2019
1420,27161,7.8,2019
1421,27163,8.5,2019
1422,27165,7.5,2019
1423,27167,6.4,2019
1424,27169,8.6,2019
1425,27171,7.3,2019
1426,27173,6.5,2019
1427,28000,9.9,2019
1428,28001,9,2019
1429,28003,10,2019
1430,28005,9,2019
1431,28007,9.9,2019
1432,28009,9.7,2019
1433,28011,10.3,2019
1434,28013,9.9,2019
1435,28015,9.6,2019
1436,28017,10.1,2019
1437,28019,9.8,2019
1438,28021,9.2,2019
1439,28023,9.9,2019
1440,28025,10.4,2019
1441,28027,10.2,2019
1442,28029,9.7,2019
1443,28031,9.9,2019
1444,28033,10.3,2019
1445,28035,10.2,2019
1446,28037,8.9,2019
1447,28039,9.7,2019
1448,28041,9.4,2019
1449,28043,9.5,2019
1450,28045,9.4,2019
1451,28047,9.8,2019
1452,28049,10.7,2019
1453,28051,9.9,2019
1454,28053,9.9,2019
1455,28055,9.5,2019
1456,28057,10.2,2019
1457,28059,10.1,2019
1458,28061,10,2019
1459,28063,8.9,2019
1460,28065,9.7,2019
1461,28067,10.1,2019
1462,28069,10,2019
1463,28071,9.9,2019
1464,28073,9.7,2019
1465,28075,10.4,2019
1466,28077,9.6,2019
1467,28079,10.1,2019
1468,28081,10.5,2019
1469,28083,10.2,2019
1470,28085,9.5,2019
1471,28087,10.6,2019
1472,28089,10.7,2019
1473,28091,9.4,2019
1474,28093,10,2019
1475,28095,10.5,2019
1476,28097,9.6,2019
1477,28099,10.4,2019
1478,28101,10.3,2019
1479,28103,10.1,2019
1480,28105,10.3,2019
1481,28107,10,2019
1482,28109,9.3,2019
1483,28111,9.6,2019
1484,28113,9.2,2019
1485,28115,10.2,2019
1486,28117,10.1,2019
1487,28119,10,2019
1488,28121,10.6,2019
1489,28123,10.2,2019
1490,28125,9.7,2019
1491,28127,9.9,2019
1492,28129,10.1,2019
1493,28131,9.5,2019
1494,28133,10.3,2019
1495,28135,10,2019
1496,28137,10,2019
1497,28139,9.9,2019
1498,28141,10,2019
1499,28143,9.9,2019
1500,28145,10.1,2019
1501,28147,9.1,2019
1502,28149,9.8,2019
1503,28151,10.1,2019
1504,28153,9.7,2019
1505,28155,9.8,2019
1506,28157,8.7,2019
1507,28159,10.1,2019
1508,28161,9.7,2019
1509,28163,9.9,2019
1510,29000,9.7,2019
1511,29001,9.5,2019
1512,29003,9.9,2019
1513,29005,9.2,2019
1514,29007,10,2019
1515,29009,9.8,2019
1516,29011,9.3,2019
1517,29013,9.4,2019
1518,29015,9.4,2019
1519,29017,10.5,2019
1520,29019,10.1,2019
1521,29021,10.2,2019
1522,29023,10.8,2019
1523,29025,9.3,2019
1524,29027,10,2019
1525,29029,9.8,2019
1526,29031,11.3,2019
1527,29033,9.3,2019
1528,29035,9.7,2019
1529,29037,9.9,2019
1530,29039,9.1,2019
1531,29041,9.4,2019
1532,29043,9.9,2019
1533,29045,10.1,2019
1534,29047,10,2019
1535,29049,9.7,2019
1536,29051,10,2019
1537,29053,9.7,2019
1538,29055,9.8,2019
1539,29057,9.2,2019
1540,29059,9.4,2019
1541,29061,9.4,2019
1542,29063,9.6,2019
1543,29065,9.4,2019
1544,29067,9.5,2019
1545,29069,11.3,2019
1546,29071,10.7,2019
1547,29073,9.9,2019
1548,29075,9.3,2019
1549,29077,10.1,2019
1550,29079,9.3,2019
1551,29081,9.2,2019
1552,29083,9.3,2019
1553,29085,9.2,2019
1554,29087,9.6,2019
1555,29089,9.5,2019
1556,29091,9.9,2019
1557,29093,9.8,2019
1558,29095,10.4,2019
1559,29097,10,2019
1560,29099,11.3,2019
1561,29101,9.4,2019
1562,29103,9.5,2019
1563,29105,9.5,2019
1564,29107,9.5,2019
1565,29109,9.7,2019
1566,29111,10.3,2019
1567,29113,10.9,2019
1568,29115,9.3,2019
1569,29117,9.3,2019
1570,29119,9.7,2019
1571,29121,9.5,2019
1572,29123,10,2019
1573,29125,9.6,2019
1574,29127,10.4,2019
1575,29129,9.1,2019
1576,29131,9.8,2019
1577,29133,11.4,2019
1578,29135,9.7,2019
1579,29137,9.7,2019
1580,29139,10,2019
1581,29141,9.6,2019
1582,29143,11.3,2019
1583,29145,10,2019
1584,29147,9.4,2019
1585,29149,9.7,2019
1586,29151,9.8,2019
1587,29153,9.4,2019
1588,29155,11,2019
1589,29157,10.8,2019
1590,29159,9.5,2019
1591,29161,9.7,2019
1592,29163,10.4,2019
1593,29165,10.2,2019
1594,29167,9.5,2019
1595,29169,9.6,2019
1596,29171,9.1,2019
1597,29173,10.2,2019
1598,29175,9.6,2019
1599,29177,9.4,2019
1600,29179,9.5,2019
1601,29181,10.2,2019
1602,29183,11.7,2019
1603,29185,9.1,2019
1604,29186,10.6,2019
1605,29187,10.3,2019
1606,29189,12.1,2019
1607,29195,9.6,2019
1608,29197,9.3,2019
1609,29199,9.5,2019
1610,29201,11.5,2019
1611,29203,9.4,2019
1612,29205,9.7,2019
1613,29207,11.3,2019
1614,29209,9.8,2019
1615,29211,9.3,2019
1616,29213,9.8,2019
1617,29215,9.6,2019
1618,29217,9.4,2019
1619,29219,10.5,2019
1620,29221,9.9,2019
1621,29223,10.1,2019
1622,29225,9.6,2019
1623,29227,9,2019
1624,29229,9.5,2019
1625,29510,11.5,2019
1626,30000,5.95,2019
1627,30001,7.3,2019
1628,30003,6,2019
1629,30005,5.7,2019
1630,30007,6,2019
1631,30009,5.4,2019
1632,30011,5.2,2019
1633,30013,5.8,2019
1634,30015,5.7,2019
1635,30017,5.7,2019
1636,30019,6,2019
1637,30021,5.6,2019
1638,30023,7.4,2019
1639,30025,5.2,2019
1640,30027,4.8,2019
1641,30029,8.9,2019
1642,30031,7.1,2019
1643,30033,5.2,2019
1644,30035,6.6,2019
1645,30037,4.8,2019
1646,30039,6.7,2019
1647,30041,6.1,2019
1648,30043,7.3,2019
1649,30045,4.5,2019
1650,30047,8.8,2019
1651,30049,6.1,2019
1652,30051,5.9,2019
1653,30053,9,2019
1654,30055,5.5,2019
1655,30057,6.8,2019
1656,30059,4.7,2019
1657,30061,8.5,2019
1658,30063,8.6,2019
1659,30065,5.2,2019
1660,30067,5.4,2019
1661,30069,5.1,2019
1662,30071,4.8,2019
1663,30073,6,2019
1664,30075,5.5,2019
1665,30077,6.9,2019
1666,30079,5.4,2019
1667,30081,8.7,2019
1668,30083,6.2,2019
1669,30085,6.3,2019
1670,30087,6.1,2019
1671,30089,9.5,2019
1672,30091,6.2,2019
1673,30093,8,2019
1674,30095,5.3,2019
1675,30097,4.8,2019
1676,30099,5.9,2019
1677,30101,6.4,2019
1678,30103,5.6,2019
1679,30105,5.7,2019
1680,30107,4.7,2019
1681,30109,5.3,2019
1682,30111,6.3,2019
1683,31000,7.5,2019
1684,31001,8,2019
1685,31003,7.5,2019
1686,31005,5.3,2019
1687,31007,4.6,2019
1688,31009,5.8,2019
1689,31011,7.7,2019
1690,31013,4.7,2019
1691,31015,6.3,2019
1692,31017,5.6,2019
1693,31019,7.8,2019
1694,31021,8.8,2019
1695,31023,8.5,2019
1696,31025,9.3,2019
1697,31027,8.1,2019
1698,31029,6.2,2019
1699,31031,5,2019
1700,31033,5.3,2019
1701,31035,8,2019
1702,31037,8.6,2019
1703,31039,8.7,2019
1704,31041,6.7,2019
1705,31043,8.9,2019
1706,31045,4.1,2019
1707,31047,7.2,2019
1708,31049,5.6,2019
1709,31051,8.5,2019
1710,31053,9,2019
1711,31055,9.5,2019
1712,31057,6.2,2019
1713,31059,8.2,2019
1714,31061,7.3,2019
1715,31063,6.5,2019
1716,31065,6.9,2019
1717,31067,8.9,2019
1718,31069,5,2019
1719,31071,6.5,2019
1720,31073,6.9,2019
1721,31075,5.1,2019
1722,31077,7.1,2019
1723,31079,7.9,2019
1724,31081,8.1,2019
1725,31083,7.1,2019
1726,31085,6.2,2019
1727,31087,6.3,2019
1728,31089,6.7,2019
1729,31091,5.3,2019
1730,31093,7.5,2019
1731,31095,8.4,2019
1732,31097,8.9,2019
1733,31099,7.5,2019
1734,31101,6,2019
1735,31103,5.6,2019
1736,31105,4.8,2019
1737,31107,7.6,2019
1738,31109,9.1,2019
1739,31111,6.5,2019
1740,31113,5.8,2019
1741,31115,6.1,2019
1742,31117,5.6,2019
1743,31119,8.3,2019
1744,31121,8,2019
1745,31123,4.9,2019
1746,31125,7.8,2019
1747,31127,9,2019
1748,31129,7.8,2019
1749,31131,9.2,2019
1750,31133,8.7,2019
1751,31135,6.1,2019
1752,31137,7.5,2019
1753,31139,7.9,2019
1754,31141,8.6,2019
1755,31143,8.2,2019
1756,31145,6.7,2019
1757,31147,9.3,2019
1758,31149,5.9,2019
1759,31151,8.6,2019
1760,31153,9.5,2019
1761,31155,9.1,2019
1762,31157,5,2019
1763,31159,8.6,2019
1764,31161,4.6,2019
1765,31163,7.1,2019
1766,31165,3.8,2019
1767,31167,8.3,2019
1768,31169,8.1,2019
1769,31171,5.5,2019
1770,31173,8.7,2019
1771,31175,6.9,2019
1772,31177,8.8,2019
1773,31179,8.4,2019
1774,31181,7.5,2019
1775,31183,6.9,2019
1776,31185,8.3,2019
1777,32000,6.5,2019
1778,32001,7.4,2019
1779,32003,9.4,2019
1780,32005,7.5,2019
1781,32007,5.8,2019
1782,32009,5.2,2019
1783,32011,4.7,2019
1784,32013,6.7,2019
1785,32015,4.8,2019
1786,32017,4.6,2019
1787,32019,8.3,2019
1788,32021,5.5,2019
1789,32023,6.5,2019
1790,32027,5.7,2019
1791,32029,7.5,2019
1792,32031,8.4,2019
1793,32033,4.5,2019
1794,32510,7.2,2019
1795,33000,7.45,2019
1796,33001,6.8,2019
1797,33003,6.8,2019
1798,33005,8.3,2019
1799,33007,6.2,2019
1800,33009,7,2019
1801,33011,7.5,2019
1802,33013,7.7,2019
1803,33015,7.9,2019
1804,33017,7.4,2019
1805,33019,7.7,2019
1806,34000,9.9,2019
1807,34001,9.4,2019
1808,34003,9.9,2019
1809,34005,11.4,2019
1810,34007,11.6,2019
1811,34009,9,2019
1812,34011,9.9,2019
1813,34013,9.9,2019
1814,34015,10.9,2019
1815,34017,9.9,2019
1816,34019,10.2,2019
1817,34021,8.8,2019
1818,34023,9.7,2019
1819,34025,9.9,2019
1820,34027,10,2019
1821,34029,7.8,2019
1822,34031,9.7,2019
1823,34033,10.9,2019
1824,34035,9.9,2019
1825,34037,9.1,2019
1826,34039,10.4,2019
1827,34041,10,2019
1828,35000,5.9,2019
1829,35001,6.9,2019
1830,35003,4.3,2019
1831,35005,7.4,2019
1832,35006,5.2,2019
1833,35007,4.6,2019
1834,35009,7.1,2019
1835,35011,5.9,2019
1836,35013,7.8,2019
1837,35015,7.5,2019
1838,35017,6,2019
1839,35019,5.5,2019
1840,35021,5,2019
1841,35023,6.1,2019
1842,35025,7.6,2019
1843,35027,5.6,2019
1844,35028,5,2019
1845,35029,6.9,2019
1846,35031,6,2019
1847,35033,4.3,2019
1848,35035,6.7,2019
1849,35037,5.9,2019
1850,35039,5.4,2019
1851,35041,6.9,2019
1852,35043,7,2019
1853,35045,6.5,2019
1854,35047,5.4,2019
1855,35049,6.1,2019
1856,35051,5.5,2019
1857,35053,5.2,2019
1858,35055,4.8,2019
1859,35057,5.8,2019
1860,35059,4.9,2019
1861,35061,6.3,2019
1862,36000,8.5,2019
1863,36001,9.1,2019
1864,36003,8.5,2019
1865,36005,10.3,2019
1866,36007,8.9,2019
1867,36009,9.3,2019
1868,36011,8.3,2019
1869,36013,9.6,2019
1870,36015,8.3,2019
1871,36017,8.2,2019
1872,36019,6.7,2019
1873,36021,8.5,2019
1874,36023,7.9,2019
1875,36025,7.9,2019
1876,36027,9.3,2019
1877,36029,10.7,2019
1878,36031,6.6,2019
1879,36033,7.4,2019
1880,36035,8,2019
1881,36037,9.1,2019
1882,36039,8.2,2019
1883,36041,6.6,2019
1884,36043,7.8,2019
1885,36045,7.8,2019
1886,36047,10.1,2019
1887,36049,7,2019
1888,36051,8.5,2019
1889,36053,8,2019
1890,36055,8.9,2019
1891,36057,8.2,2019
1892,36059,10,2019
1893,36061,10.8,2019
1894,36063,11,2019
1895,36065,8.1,2019
1896,36067,8.2,2019
1897,36069,8.5,2019
1898,36071,9,2019
1899,36073,9,2019
1900,36075,8.2,2019
1901,36077,7.8,2019
1902,36079,9.3,2019
1903,36081,8.1,2019
1904,36083,9.1,2019
1905,36085,9.8,2019
1906,36087,9.7,2019
1907,36089,7.9,2019
1908,36091,9.4,2019
1909,36093,9,2019
1910,36095,7.5,2019
1911,36097,8,2019
1912,36099,8.3,2019
1913,36101,7.9,2019
1914,36103,9,2019
1915,36105,8.4,2019
1916,36107,8.7,2019
1917,36109,8.2,2019
1918,36111,8.9,2019
1919,36113,8.5,2019
1920,36115,8.9,2019
1921,36117,8.6,2019
1922,36119,10.4,2019
1923,36121,8.8,2019
1924,36123,7.9,2019
1925,37000,9.8,2019
1926,37001,10.5,2019
1927,37003,10.1,2019
1928,37005,8.7,2019
1929,37007,10.2,2019
1930,37009,8.5,2019
1931,37011,8.5,2019
1932,37013,9.2,2019
1933,37015,9.1,2019
1934,37017,10,2019
1935,37019,9.3,2019
1936,37021,9,2019
1937,37023,10.1,2019
1938,37025,11,2019
1939,37027,9.9,2019
1940,37029,8.4,2019
1941,37031,8.7,2019
1942,37033,10.2,2019
1943,37035,10.5,2019
1944,37037,10.3,2019
1945,37039,9,2019
1946,37041,8.6,2019
1947,37043,8.5,2019
1948,37045,10.6,2019
1949,37047,9.7,2019
1950,37049,9.4,2019
1951,37051,10.6,2019
1952,37053,8.5,2019
1953,37055,8.2,2019
1954,37057,10.8,2019
1955,37059,10.4,2019
1956,37061,9.9,2019
1957,37063,10.6,2019
1958,37065,10.2,2019
1959,37067,9.4,2019
1960,37069,10.6,2019
1961,37071,10.9,2019
1962,37073,8.8,2019
1963,37075,8.4,2019
1964,37077,10.5,2019
1965,37079,10.4,2019
1966,37081,10.5,2019
1967,37083,9.8,2019
1968,37085,10.9,2019
1969,37087,8.7,2019
1970,37089,9.2,2019
1971,37091,9.1,2019
1972,37093,10.4,2019
1973,37095,7.8,2019
1974,37097,10.9,2019
1975,37099,8.4,2019
1976,37101,10.4,2019
1977,37103,9.5,2019
1978,37105,10.5,2019
1979,37107,10.3,2019
1980,37109,10.8,2019
1981,37111,9.2,2019
1982,37113,8.6,2019
1983,37115,8.8,2019
1984,37117,8.9,2019
1985,37119,11.3,2019
1986,37121,8.5,2019
1987,37123,9.7,2019
1988,37125,10.4,2019
1989,37127,10.5,2019
1990,37129,8.4,2019
1991,37131,9.6,2019
1992,37133,9.5,2019
1993,37135,10.7,2019
1994,37137,8.6,2019
1995,37139,8.5,2019
1996,37141,9.4,2019
1997,37143,8.5,2019
1998,37145,10.1,2019
1999,37147,9.8,2019
2000,37149,9.5,2019
2001,37151,10.9,2019
2002,37153,10.2,2019
2003,37155,10.1,2019
2004,37157,10.3,2019
2005,37159,10.6,2019
2006,37161,10.1,2019
2007,37163,10.7,2019
2008,37165,10.2,2019
2009,37167,10.5,2019
2010,37169,9.8,2019
2011,37171,9.6,2019
2012,37173,8.4,2019
2013,37175,8.7,2019
2014,37177,7.9,2019
2015,37179,10.9,2019
2016,37181,10,2019
2017,37183,11,2019
2018,37185,9.7,2019
2019,37187,8.6,2019
2020,37189,8.3,2019
2021,37191,10.7,2019
2022,37193,9.6,2019
2023,37195,10.7,2019
2024,37197,9.9,2019
2025,37199,8.6,2019
2026,38000,5.4,2019
2027,38001,4.8,2019
2028,38003,5.7,2019
2029,38005,5.6,2019
2030,38007,4.9,2019
2031,38009,5.7,2019
2032,38011,5.1,2019
2033,38013,5.2,2019
2034,38015,5.6,2019
2035,38017,6.8,2019
2036,38019,5.9,2019
2037,38021,5.7,2019
2038,38023,5.8,2019
2039,38025,4.4,2019
2040,38027,5.3,2019
2041,38029,5,2019
2042,38031,5.3,2019
2043,38033,5.2,2019
2044,38035,6.9,2019
2045,38037,4.6,2019
2046,38039,5.4,2019
2047,38041,4.9,2019
2048,38043,4.9,2019
2049,38045,5.5,2019
2050,38047,5.1,2019
2051,38049,5.2,2019
2052,38051,5.3,2019
2053,38053,5.3,2019
2054,38055,4.9,2019
2055,38057,5.1,2019
2056,38059,5.4,2019
2057,38061,5,2019
2058,38063,5.5,2019
2059,38065,4.8,2019
2060,38067,6.6,2019
2061,38069,5.4,2019
2062,38071,5.6,2019
2063,38073,5.8,2019
2064,38075,5.2,2019
2065,38077,6.4,2019
2066,38079,5.8,2019
2067,38081,5.8,2019
2068,38083,4.7,2019
2069,38085,5.1,2019
2070,38087,5,2019
2071,38089,5.2,2019
2072,38091,5.6,2019
2073,38093,5.5,2019
2074,38095,5.6,2019
2075,38097,6.2,2019
2076,38099,6.5,2019
2077,38101,5.4,2019
2078,38103,5.1,2019
2079,38105,6.1,2019
2080,39000,11.5,2019
2081,39001,10.4,2019
2082,39003,12.2,2019
2083,39005,11.3,2019
2084,39007,11,2019
2085,39009,10.5,2019
2086,39011,12.4,2019
2087,39013,11.2,2019
2088,39015,11,2019
2089,39017,13,2019
2090,39019,11.3,2019
2091,39021,11.7,2019
2092,39023,11.6,2019
2093,39025,12,2019
2094,39027,11.3,2019
2095,39029,11.5,2019
2096,39031,11.3,2019
2097,39033,11.4,2019
2098,39035,13.2,2019
2099,39037,12.2,2019
2100,39039,12.2,2019
2101,39041,11.9,2019
2102,39043,11.1,2019
2103,39045,11.6,2019
2104,39047,11.1,2019
2105,39049,12.1,2019
2106,39051,11.6,2019
2107,39053,10.4,2019
2108,39055,11.6,2019
2109,39057,11.5,2019
2110,39059,11.2,2019
2111,39061,13.1,2019
2112,39063,11.7,2019
2113,39065,11.7,2019
2114,39067,11.1,2019
2115,39069,11.8,2019
2116,39071,10.9,2019
2117,39073,10.7,2019
2118,39075,11.5,2019
2119,39077,11.2,2019
2120,39079,10.4,2019
2121,39081,11.5,2019
2122,39083,11.2,2019
2123,39085,11,2019
2124,39087,10,2019
2125,39089,11.7,2019
2126,39091,11.7,2019
2127,39093,11.2,2019
2128,39095,11.9,2019
2129,39097,11.7,2019
2130,39099,11.4,2019
2131,39101,11.6,2019
2132,39103,11.2,2019
2133,39105,10.5,2019
2134,39107,12.5,2019
2135,39109,12.2,2019
2136,39111,10.8,2019
2137,39113,12,2019
2138,39115,10.8,2019
2139,39117,11.3,2019
2140,39119,11.3,2019
2141,39121,10.9,2019
2142,39123,11.4,2019
2143,39125,12.2,2019
2144,39127,11,2019
2145,39129,11.5,2019
2146,39131,10.5,2019
2147,39133,11.5,2019
2148,39135,11.4,2019
2149,39137,12.1,2019
2150,39139,11.3,2019
2151,39141,10.9,2019
2152,39143,11.5,2019
2153,39145,10.2,2019
2154,39147,11.5,2019
2155,39149,12.2,2019
2156,39151,12.2,2019
2157,39153,12.1,2019
2158,39155,11.2,2019
2159,39157,11.6,2019
2160,39159,11.8,2019
2161,39161,12.4,2019
2162,39163,10.4,2019
2163,39165,12.4,2019
2164,39167,11,2019
2165,39169,12,2019
2166,39171,11.8,2019
2167,39173,11.9,2019
2168,39175,11.6,2019
2169,40000,9.4,2019
2170,40001,9.8,2019
2171,40003,8.4,2019
2172,40005,9.5,2019
2173,40007,7,2019
2174,40009,7.8,2019
2175,40011,8.4,2019
2176,40013,9.9,2019
2177,40015,8.9,2019
2178,40017,9.7,2019
2179,40019,9.5,2019
2180,40021,10,2019
2181,40023,9.6,2019
2182,40025,5.6,2019
2183,40027,10.1,2019
2184,40029,9.3,2019
2185,40031,8.9,2019
2186,40033,8.6,2019
2187,40035,9.8,2019
2188,40037,9.8,2019
2189,40039,8.2,2019
2190,40041,10,2019
2191,40043,7.7,2019
2192,40045,7.2,2019
2193,40047,9.2,2019
2194,40049,9.5,2019
2195,40051,9.6,2019
2196,40053,8.8,2019
2197,40055,7.8,2019
2198,40057,7.8,2019
2199,40059,7.4,2019
2200,40061,9.9,2019
2201,40063,9.4,2019
2202,40065,8.2,2019
2203,40067,8.9,2019
2204,40069,9.4,2019
2205,40071,9.4,2019
2206,40073,9,2019
2207,40075,8.2,2019
2208,40077,9.3,2019
2209,40079,10.5,2019
2210,40081,9.4,2019
2211,40083,9.4,2019
2212,40085,9.3,2019
2213,40087,9.8,2019
2214,40089,9.9,2019
2215,40091,9.7,2019
2216,40093,8.3,2019
2217,40095,9.6,2019
2218,40097,10.2,2019
2219,40099,9.3,2019
2220,40101,10.2,2019
2221,40103,9.2,2019
2222,40105,9.9,2019
2223,40107,9.4,2019
2224,40109,10,2019
2225,40111,9.7,2019
2226,40113,10.2,2019
2227,40115,9.9,2019
2228,40117,9.4,2019
2229,40119,9.5,2019
2230,40121,9.5,2019
2231,40123,9.5,2019
2232,40125,9.5,2019
2233,40127,9.4,2019
2234,40129,7.2,2019
2235,40131,10.5,2019
2236,40133,9.4,2019
2237,40135,10.2,2019
2238,40137,9.1,2019
2239,40139,7.2,2019
2240,40141,8.4,2019
2241,40143,9.3,2019
2242,40145,10.5,2019
2243,40147,10,2019
2244,40149,8.2,2019
2245,40151,7.9,2019
2246,40153,7.5,2019
2247,41000,7.85,2019
2248,41001,6.8,2019
2249,41003,8.3,2019
2250,41005,9.2,2019
2251,41007,6.3,2019
2252,41009,7.3,2019
2253,41011,8,2019
2254,41013,7.8,2019
2255,41015,8,2019
2256,41017,8.3,2019
2257,41019,8.8,2019
2258,41021,7,2019
2259,41023,6,2019
2260,41025,6.6,2019
2261,41027,6.1,2019
2262,41029,8.6,2019
2263,41031,7.6,2019
2264,41033,7.9,2019
2265,41035,7.7,2019
2266,41037,6.5,2019
2267,41039,9.9,2019
2268,41041,7.1,2019
2269,41043,8.8,2019
2270,41045,9,2019
2271,41047,9.1,2019
2272,41049,7.9,2019
2273,41051,8.4,2019
2274,41053,8.5,2019
2275,41055,6.7,2019
2276,41057,6.4,2019
2277,41059,8.8,2019
2278,41061,6.4,2019
2279,41063,6.7,2019
2280,41065,6.9,2019
2281,41067,8.8,2019
2282,41069,5.8,2019
2283,41071,8.5,2019
2284,42000,10.6,2019
2285,42001,10.6,2019
2286,42003,13.3,2019
2287,42005,11.9,2019
2288,42007,11,2019
2289,42009,10.6,2019
2290,42011,10,2019
2291,42013,11.2,2019
2292,42015,9,2019
2293,42017,10.1,2019
2294,42019,11.9,2019
2295,42021,11.6,2019
2296,42023,8.9,2019
2297,42025,10.2,2019
2298,42027,8.9,2019
2299,42029,10.4,2019
2300,42031,10.9,2019
2301,42033,10.8,2019
2302,42035,9.7,2019
2303,42037,10.5,2019
2304,42039,10.9,2019
2305,42041,9.8,2019
2306,42043,10.7,2019
2307,42045,11.9,2019
2308,42047,9.8,2019
2309,42049,10.9,2019
2310,42051,11.5,2019
2311,42053,9.8,2019
2312,42055,10.4,2019
2313,42057,9.9,2019
2314,42059,11,2019
2315,42061,10.8,2019
2316,42063,11.7,2019
2317,42065,10.8,2019
2318,42067,10.9,2019
2319,42069,9.9,2019
2320,42071,11.2,2019
2321,42073,11.4,2019
2322,42075,12.9,2019
2323,42077,11.2,2019
2324,42079,10.3,2019
2325,42081,10.1,2019
2326,42083,9.3,2019
2327,42085,9.9,2019
2328,42087,10.5,2019
2329,42089,9.9,2019
2330,42091,9.2,2019
2331,42093,10.6,2019
2332,42095,10,2019
2333,42097,11.2,2019
2334,42099,11.4,2019
2335,42101,11.2,2019
2336,42103,9,2019
2337,42105,8.6,2019
2338,42107,11.5,2019
2339,42109,11,2019
2340,42111,10.7,2019
2341,42113,8.9,2019
2342,42115,9.2,2019
2343,42117,8.5,2019
2344,42119,10.7,2019
2345,42121,10.8,2019
2346,42123,9.9,2019
2347,42125,10.3,2019
2348,42127,9.2,2019
2349,42129,9.8,2019
2350,42131,9.5,2019
2351,42133,10.7,2019
2352,44000,6.6,2019
2353,44001,6.8,2019
2354,44003,6.6,2019
2355,44005,6.5,2019
2356,44007,7.5,2019
2357,44009,6.4,2019
2358,45000,10.2,2019
2359,45001,10.4,2019
2360,45003,11.3,2019
2361,45005,10.2,2019
2362,45007,11,2019
2363,45009,10.2,2019
2364,45011,10.4,2019
2365,45013,10.1,2019
2366,45015,9.9,2019
2367,45017,10.2,2019
2368,45019,8.9,2019
2369,45021,10.5,2019
2370,45023,10.3,2019
2371,45025,10,2019
2372,45027,10.1,2019
2373,45029,10,2019
2374,45031,10.3,2019
2375,45033,10.1,2019
2376,45035,10,2019
2377,45037,10.3,2019
2378,45039,10.1,2019
2379,45041,10.2,2019
2380,45043,9.4,2019
2381,45045,9.5,2019
2382,45047,10.5,2019
2383,45049,10.2,2019
2384,45051,9.8,2019
2385,45053,10.2,2019
2386,45055,10.3,2019
2387,45057,10.8,2019
2388,45059,10.6,2019
2389,45061,10.2,2019
2390,45063,10,2019
2391,45065,10.5,2019
2392,45067,9.9,2019
2393,45069,10.3,2019
2394,45071,10.2,2019
2395,45073,10.2,2019
2396,45075,10.5,2019
2397,45077,10.4,2019
2398,45079,9.8,2019
2399,45081,10.3,2019
2400,45083,9.5,2019
2401,45085,10.5,2019
2402,45087,10.2,2019
2403,45089,9.8,2019
2404,45091,11,2019
2405,46000,5.6,2019
2406,46003,6.2,2019
2407,46005,6.2,2019
2408,46007,4.8,2019
2409,46009,7.3,2019
2410,46011,6.9,2019
2411,46013,5.9,2019
2412,46015,6,2019
2413,46017,5.8,2019
2414,46019,5.1,2019
2415,46021,5.2,2019
2416,46023,6.8,2019
2417,46025,5.6,2019
2418,46027,8.2,2019
2419,46029,5.4,2019
2420,46031,5.1,2019
2421,46033,3.8,2019
2422,46035,6.8,2019
2423,46037,5.5,2019
2424,46039,5.7,2019
2425,46041,5.1,2019
2426,46043,6.5,2019
2427,46045,5.7,2019
2428,46047,3.7,2019
2429,46049,5.5,2019
2430,46051,5.5,2019
2431,46053,6,2019
2432,46055,4.9,2019
2433,46057,5.7,2019
2434,46059,5.7,2019
2435,46061,6.8,2019
2436,46063,4.9,2019
2437,46065,5.6,2019
2438,46067,7.3,2019
2439,46069,5.6,2019
2440,46071,4.8,2019
2441,46073,6.1,2019
2442,46075,5.2,2019
2443,46077,6.2,2019
2444,46079,6.9,2019
2445,46081,5,2019
2446,46083,8.3,2019
2447,46085,5.6,2019
2448,46087,7.2,2019
2449,46089,5.3,2019
2450,46091,5.4,2019
2451,46093,5.5,2019
2452,46095,5,2019
2453,46097,6.5,2019
2454,46099,8,2019
2455,46101,7.1,2019
2456,46113,4.5,2019
2457,46103,5.5,2019
2458,46105,4.9,2019
2459,46107,5.4,2019
2460,46109,5.8,2019
2461,46111,6.3,2019
2462,46115,5.9,2019
2463,46117,5.2,2019
2464,46119,5.4,2019
2465,46121,5.2,2019
2466,46123,5.5,2019
2467,46125,7.7,2019
2468,46127,8.7,2019
2469,46129,5.4,2019
2470,46135,7.8,2019
2471,46137,4.9,2019
2472,47000,10,2019
2473,47001,10.3,2019
2474,47003,10.5,2019
2475,47005,10,2019
2476,47007,9.4,2019
2477,47009,10.1,2019
2478,47011,10.7,2019
2479,47013,9.7,2019
2480,47015,9.7,2019
2481,47017,10.2,2019
2482,47019,9.4,2019
2483,47021,10.6,2019
2484,47023,9.7,2019
2485,47025,10,2019
2486,47027,9.9,2019
2487,47029,9.6,2019
2488,47031,10.2,2019
2489,47033,10.1,2019
2490,47035,9.3,2019
2491,47037,10.6,2019
2492,47039,9.7,2019
2493,47041,9.7,2019
2494,47043,10.2,2019
2495,47045,10.2,2019
2496,47047,10,2019
2497,47049,9.1,2019
2498,47051,10.2,2019
2499,47053,10.4,2019
2500,47055,10.6,2019
2501,47057,10.3,2019
2502,47059,10,2019
2503,47061,9.6,2019
2504,47063,10.3,2019
2505,47065,10.9,2019
2506,47067,9.7,2019
2507,47069,9.7,2019
2508,47071,9.8,2019
2509,47073,10.4,2019
2510,47075,10,2019
2511,47077,9.9,2019
2512,47079,10.4,2019
2513,47081,9.8,2019
2514,47083,10,2019
2515,47085,10,2019
2516,47087,9.8,2019
2517,47089,10.3,2019
2518,47091,8.6,2019
2519,47093,10.5,2019
2520,47095,10.7,2019
2521,47097,10.2,2019
2522,47099,9.9,2019
2523,47101,9.5,2019
2524,47103,10.6,2019
2525,47105,10.6,2019
2526,47107,10.3,2019
2527,47109,9.9,2019
2528,47111,10.3,2019
2529,47113,10,2019
2530,47115,10.2,2019
2531,47117,10.4,2019
2532,47119,10,2019
2533,47121,10.2,2019
2534,47123,10.7,2019
2535,47125,9.6,2019
2536,47127,10.2,2019
2537,47129,9.4,2019
2538,47131,10.9,2019
2539,47133,9.5,2019
2540,47135,9.5,2019
2541,47137,9.2,2019
2542,47139,9.7,2019
2543,47141,9.6,2019
2544,47143,9.8,2019
2545,47145,10,2019
2546,47147,10.9,2019
2547,47149,11.2,2019
2548,47151,9.3,2019
2549,47153,9.7,2019
2550,47155,10.1,2019
2551,47157,9.5,2019
2552,47159,10,2019
2553,47161,10.3,2019
2554,47163,10.2,2019
2555,47165,10.8,2019
2556,47167,10.1,2019
2557,47169,10.1,2019
2558,47171,8.8,2019
2559,47173,10,2019
2560,47175,9.2,2019
2561,47177,9.6,2019
2562,47179,9.9,2019
2563,47181,9.7,2019
2564,47183,10.6,2019
2565,47185,9.5,2019
2566,47187,11,2019
2567,47189,11.1,2019
2568,48000,8.75,2019
2569,48001,9.9,2019
2570,48003,7.3,2019
2571,48005,9.8,2019
2572,48007,9.3,2019
2573,48009,8.5,2019
2574,48011,6.8,2019
2575,48013,9.6,2019
2576,48015,10.2,2019
2577,48017,6.8,2019
2578,48019,8.9,2019
2579,48021,10.1,2019
2580,48023,7.8,2019
2581,48025,9.4,2019
2582,48027,10.1,2019
2583,48029,10.4,2019
2584,48031,8.9,2019
2585,48033,7.1,2019
2586,48035,9.5,2019
2587,48037,10,2019
2588,48039,11.4,2019
2589,48041,10.1,2019
2590,48043,6.3,2019
2591,48045,6.9,2019
2592,48047,8.6,2019
2593,48049,8.3,2019
2594,48051,9.8,2019
2595,48053,9.1,2019
2596,48055,10.1,2019
2597,48057,9.4,2019
2598,48059,7.9,2019
2599,48061,9.3,2019
2600,48063,9.9,2019
2601,48065,7,2019
2602,48067,9.9,2019
2603,48069,7.3,2019
2604,48071,9.9,2019
2605,48073,10,2019
2606,48075,7.5,2019
2607,48077,8.6,2019
2608,48079,6.8,2019
2609,48081,7.5,2019
2610,48083,7.8,2019
2611,48085,10.9,2019
2612,48087,7.3,2019
2613,48089,9.7,2019
2614,48091,10.2,2019
2615,48093,8.4,2019
2616,48095,7.5,2019
2617,48097,9.8,2019
2618,48099,9.5,2019
2619,48101,7.2,2019
2620,48103,7.1,2019
2621,48105,7.3,2019
2622,48107,7.6,2019
2623,48109,5.9,2019
2624,48111,6,2019
2625,48113,10,2019
2626,48115,7.3,2019
2627,48117,7,2019
2628,48119,9.8,2019
2629,48121,10.9,2019
2630,48123,9.6,2019
2631,48125,7.1,2019
2632,48127,8.1,2019
2633,48129,7,2019
2634,48131,8.5,2019
2635,48133,8.3,2019
2636,48135,7.8,2019
2637,48137,7.3,2019
2638,48139,10.5,2019
2639,48141,9.5,2019
2640,48143,8.8,2019
2641,48145,10,2019
2642,48147,10,2019
2643,48149,9.6,2019
2644,48151,7.6,2019
2645,48153,7.3,2019
2646,48155,7.5,2019
2647,48157,11.7,2019
2648,48159,9.9,2019
2649,48161,10,2019
2650,48163,8.7,2019
2651,48165,7.4,2019
2652,48167,10.3,2019
2653,48169,7.1,2019
2654,48171,8.4,2019
2655,48173,7.2,2019
2656,48175,9.3,2019
2657,48177,9.7,2019
2658,48179,7.1,2019
2659,48181,10.2,2019
2660,48183,10.2,2019
2661,48185,10.2,2019
2662,48187,10.4,2019
2663,48189,7.6,2019
2664,48191,7,2019
2665,48193,8.6,2019
2666,48195,7.1,2019
2667,48197,7.6,2019
2668,48199,9.6,2019
2669,48201,12,2019
2670,48203,10,2019
2671,48205,5.9,2019
2672,48207,7.8,2019
2673,48209,10.3,2019
2674,48211,6.9,2019
2675,48213,10.4,2019
2676,48215,9.4,2019
2677,48217,10.1,2019
2678,48219,7.5,2019
2679,48221,9.6,2019
2680,48223,10.1,2019
2681,48225,9.8,2019
2682,48227,7.5,2019
2683,48229,6.1,2019
2684,48231,10.4,2019
2685,48233,7.1,2019
2686,48235,7.3,2019
2687,48237,8.6,2019
2688,48239,9.5,2019
2689,48241,9.5,2019
2690,48243,5.6,2019
2691,48245,10,2019
2692,48247,8.1,2019
2693,48249,9.1,2019
2694,48251,10.5,2019
2695,48253,8.1,2019
2696,48255,9.4,2019
2697,48257,10.6,2019
2698,48259,9.2,2019
2699,48261,8.4,2019
2700,48263,7.1,2019
2701,48265,8.5,2019
2702,48267,7.5,2019
2703,48269,7.2,2019
2704,48271,7.6,2019
2705,48273,9.1,2019
2706,48275,7.8,2019
2707,48277,9.9,2019
2708,48279,7.5,2019
2709,48281,9,2019
2710,48283,8.2,2019
2711,48285,9.6,2019
2712,48287,9.7,2019
2713,48289,9.7,2019
2714,48291,10.3,2019
2715,48293,9.9,2019
2716,48295,7,2019
2717,48297,9.2,2019
2718,48299,8.8,2019
2719,48301,6.6,2019
2720,48303,8.2,2019
2721,48305,7.4,2019
2722,48307,7.8,2019
2723,48309,10.4,2019
2724,48311,8.5,2019
2725,48313,9.8,2019
2726,48315,9.9,2019
2727,48317,7.5,2019
2728,48319,7.8,2019
2729,48321,9.8,2019
2730,48323,8.2,2019
2731,48325,9.4,2019
2732,48327,7.4,2019
2733,48329,7.9,2019
2734,48331,9.9,2019
2735,48333,8.2,2019
2736,48335,7.4,2019
2737,48337,9.1,2019
2738,48339,11.4,2019
2739,48341,6.9,2019
2740,48343,9.8,2019
2741,48345,7,2019
2742,48347,9.9,2019
2743,48349,10.2,2019
2744,48351,9.5,2019
2745,48353,7.6,2019
2746,48355,9.9,2019
2747,48357,7.1,2019
2748,48359,6.1,2019
2749,48361,9.8,2019
2750,48363,9.1,2019
2751,48365,10,2019
2752,48367,10,2019
2753,48369,7,2019
2754,48371,7,2019
2755,48373,9.9,2019
2756,48375,7.5,2019
2757,48377,5.9,2019
2758,48379,10,2019
2759,48381,7.5,2019
2760,48383,7.2,2019
2761,48385,7.5,2019
2762,48387,9.8,2019
2763,48389,6.7,2019
2764,48391,9.3,2019
2765,48393,6.8,2019
2766,48395,9.8,2019
2767,48397,10.5,2019
2768,48399,7.8,2019
2769,48401,10.2,2019
2770,48403,9.2,2019
2771,48405,9.3,2019
2772,48407,10,2019
2773,48409,9.7,2019
2774,48411,8.1,2019
2775,48413,7.3,2019
2776,48415,7.5,2019
2777,48417,7.7,2019
2778,48419,9.8,2019
2779,48421,6.5,2019
2780,48423,10.3,2019
2781,48425,9.1,2019
2782,48427,8.6,2019
2783,48429,8,2019
2784,48431,7.2,2019
2785,48433,7.4,2019
2786,48435,7.3,2019
2787,48437,7.3,2019
2788,48439,10.6,2019
2789,48441,8.2,2019
2790,48443,7.2,2019
2791,48445,7.3,2019
2792,48447,7.7,2019
2793,48449,10,2019
2794,48451,8,2019
2795,48453,10.5,2019
2796,48455,9.8,2019
2797,48457,9.3,2019
2798,48459,10.1,2019
2799,48461,7.3,2019
2800,48463,8.2,2019
2801,48465,8.1,2019
2802,48467,10.3,2019
2803,48469,9.9,2019
2804,48471,10.1,2019
2805,48473,10.8,2019
2806,48475,7.1,2019
2807,48477,9.9,2019
2808,48479,8.4,2019
2809,48481,10,2019
2810,48483,7.2,2019
2811,48485,8.8,2019
2812,48487,8,2019
2813,48489,8.8,2019
2814,48491,10.4,2019
2815,48493,9.9,2019
2816,48495,7,2019
2817,48497,9.9,2019
2818,48499,10.1,2019
2819,48501,7.3,2019
2820,48503,8.2,2019
2821,48505,7.9,2019
2822,48507,8.3,2019
2823,49000,5.6,2019
2824,49001,4.7,2019
2825,49003,7.3,2019
2826,49005,7.2,2019
2827,49007,5.7,2019
2828,49009,4.4,2019
2829,49011,8.4,2019
2830,49013,6.2,2019
2831,49015,5.5,2019
2832,49017,4.5,2019
2833,49019,5.4,2019
2834,49021,4.8,2019
2835,49023,5.7,2019
2836,49025,4.4,2019
2837,49027,5.6,2019
2838,49029,7.1,2019
2839,49031,4.4,2019
2840,49033,5.5,2019
2841,49035,8.4,2019
2842,49037,5.3,2019
2843,49039,5.4,2019
2844,49041,5,2019
2845,49043,6.8,2019
2846,49045,6.8,2019
2847,49047,6.5,2019
2848,49049,7.7,2019
2849,49051,6.2,2019
2850,49053,5,2019
2851,49055,4.7,2019
2852,49057,8,2019
2853,50000,6.5,2019
2854,50001,6.9,2019
2855,50003,7.7,2019
2856,50005,5.9,2019
2857,50007,6.5,2019
2858,50009,5.8,2019
2859,50011,6.4,2019
2860,50013,6.5,2019
2861,50015,5.4,2019
2862,50017,6.6,2019
2863,50019,6,2019
2864,50021,8.6,2019
2865,50023,6.1,2019
2866,50025,8.2,2019
2867,50027,7.9,2019
2868,51000,8.9,2019
2869,51001,8.7,2019
2870,51003,8.5,2019
2871,51005,8.7,2019
2872,51007,8.9,2019
2873,51009,9.1,2019
2874,51011,9,2019
2875,51013,9.7,2019
2876,51015,8.9,2019
2877,51017,8,2019
2878,51019,9.2,2019
2879,51021,8.6,2019
2880,51023,9,2019
2881,51025,9.3,2019
2882,51027,9.5,2019
2883,51029,8.8,2019
2884,51031,9.5,2019
2885,51033,8.9,2019
2886,51035,9,2019
2887,51036,8.7,2019
2888,51037,9.3,2019
2889,51041,9.3,2019
2890,51043,9,2019
2891,51045,8.4,2019
2892,51047,8.8,2019
2893,51049,8.7,2019
2894,51051,9.4,2019
2895,51053,9.3,2019
2896,51057,8.5,2019
2897,51059,8.3,2019
2898,51061,9.1,2019
2899,51063,8.7,2019
2900,51065,8.7,2019
2901,51067,9.4,2019
2902,51069,9.1,2019
2903,51071,8.8,2019
2904,51073,8.7,2019
2905,51075,9,2019
2906,51077,8.7,2019
2907,51079,8.5,2019
2908,51081,9.3,2019
2909,51083,9.9,2019
2910,51085,9.2,2019
2911,51087,8.5,2019
2912,51089,9.7,2019
2913,51091,7.7,2019
2914,51093,9,2019
2915,51095,8.8,2019
2916,51097,8.6,2019
2917,51099,8.8,2019
2918,51101,8.8,2019
2919,51103,8.5,2019
2920,51105,9.8,2019
2921,51107,9.6,2019
2922,51109,8.8,2019
2923,51111,9.2,2019
2924,51113,8.4,2019
2925,51115,8.4,2019
2926,51117,9.7,2019
2927,51119,8.6,2019
2928,51121,9,2019
2929,51125,8.5,2019
2930,51127,8.8,2019
2931,51131,8.4,2019
2932,51133,8.6,2019
2933,51135,9,2019
2934,51137,8.8,2019
2935,51139,8.4,2019
2936,51141,9.1,2019
2937,51143,10.1,2019
2938,51145,9,2019
2939,51147,9,2019
2940,51149,9.2,2019
2941,51153,9.5,2019
2942,51155,9,2019
2943,51157,8.3,2019
2944,51159,8.4,2019
2945,51161,8.1,2019
2946,51163,8.6,2019
2947,51165,8.9,2019
2948,51167,9.4,2019
2949,51169,10.1,2019
2950,51171,8.8,2019
2951,51173,8.8,2019
2952,51175,9.1,2019
2953,51177,9,2019
2954,51179,9.1,2019
2955,51181,8.6,2019
2956,51183,9.1,2019
2957,51185,9,2019
2958,51187,8.7,2019
2959,51191,9.5,2019
2960,51193,8.7,2019
2961,51195,9.6,2019
2962,51197,8.8,2019
2963,51199,8.9,2019
2964,51510,9.7,2019
2965,51520,9.4,2019
2966,51530,8.4,2019
2967,51540,8.7,2019
2968,51550,9,2019
2969,51570,9.2,2019
2970,51580,8.5,2019
2971,51590,10,2019
2972,51595,9.2,2019
2973,51600,9.5,2019
2974,51610,9.7,2019
2975,51620,8.8,2019
2976,51630,8.8,2019
2977,51640,8.6,2019
2978,51650,8.7,2019
2979,51660,8.8,2019
2980,51670,9.2,2019
2981,51678,8.4,2019
2982,51680,9.1,2019
2983,51683,9.2,2019
2984,51685,9.2,2019
2985,51690,9.5,2019
2986,51700,9,2019
2987,51710,8.8,2019
2988,51720,9.1,2019
2989,51730,9.2,2019
2990,51735,8.7,2019
2991,51740,9,2019
2992,51750,8.9,2019
2993,51760,9.3,2019
2994,51770,9,2019
2995,51775,8.8,2019
2996,51790,8.6,2019
2997,51800,9.1,2019
2998,51810,8.2,2019
2999,51820,8.6,2019
3000,51830,8.7,2019
3001,51840,9,2019
3002,53000,7.4,2019
3003,53001,9.3,2019
3004,53003,8.6,2019
3005,53005,9.2,2019
3006,53007,6.9,2019
3007,53009,5.8,2019
3008,53011,8.3,2019
3009,53013,7.1,2019
3010,53015,6.9,2019
3011,53017,7.5,2019
3012,53019,6.5,2019
3013,53021,9.4,2019
3014,53023,7.5,2019
3015,53025,9.2,2019
3016,53027,6.1,2019
3017,53029,7.4,2019
3018,53031,6.1,2019
3019,53033,7.5,2019
3020,53035,7,2019
3021,53037,6.7,2019
3022,53039,6.4,2019
3023,53041,6.8,2019
3024,53043,8.8,2019
3025,53045,5.9,2019
3026,53047,7.1,2019
3027,53049,6.2,2019
3028,53051,9,2019
3029,53053,7.1,2019
3030,53055,7.3,2019
3031,53057,7.5,2019
3032,53059,6.2,2019
3033,53061,8.1,2019
3034,53063,11.7,2019
3035,53065,9,2019
3036,53067,7.2,2019
3037,53069,5.9,2019
3038,53071,8.5,2019
3039,53073,9.5,2019
3040,53075,9.6,2019
3041,53077,7.9,2019
3042,54000,9.6,2019
3043,54001,8.8,2019
3044,54003,9.7,2019
3045,54005,9.9,2019
3046,54007,9.1,2019
3047,54009,11.3,2019
3048,54011,10.4,2019
3049,54013,9.7,2019
3050,54015,9.3,2019
3051,54017,9.9,2019
3052,54019,9.4,2019
3053,54021,9.5,2019
3054,54023,8.1,2019
3055,54025,8.7,2019
3056,54027,8.6,2019
3057,54029,10.9,2019
3058,54031,8.2,2019
3059,54033,9.6,2019
3060,54035,10.3,2019
3061,54037,9.6,2019
3062,54039,10.4,2019
3063,54041,9.4,2019
3064,54043,10.1,2019
3065,54045,9.8,2019
3066,54047,9.3,2019
3067,54049,10,2019
3068,54051,10.9,2019
3069,54053,10.5,2019
3070,54055,8.9,2019
3071,54057,8.7,2019
3072,54059,9.8,2019
3073,54061,9.7,2019
3074,54063,8.7,2019
3075,54065,9.2,2019
3076,54067,9.1,2019
3077,54069,10.9,2019
3078,54071,7.9,2019
3079,54073,10.3,2019
3080,54075,8.1,2019
3081,54077,9.1,2019
3082,54079,10.3,2019
3083,54081,9.2,2019
3084,54083,8.3,2019
3085,54085,10.1,2019
3086,54087,9.8,2019
3087,54089,8.7,2019
3088,54091,9.4,2019
3089,54093,8.2,2019
3090,54095,10.4,2019
3091,54097,8.9,2019
3092,54099,10.5,2019
3093,54101,8.4,2019
3094,54103,10.5,2019
3095,54105,9.9,2019
3096,54107,10.6,2019
3097,54109,9.3,2019
3098,55000,8.6,2019
3099,55001,8.8,2019
3100,55003,6.3,2019
3101,55005,7.2,2019
3102,55007,6.2,2019
3103,55009,9.1,2019
3104,55011,8.2,2019
3105,55013,6.7,2019
3106,55015,9.7,2019
3107,55017,7.9,2019
3108,55019,7.9,2019
3109,55021,9.7,2019
3110,55023,9,2019
3111,55025,9.4,2019
3112,55027,9.7,2019
3113,55029,8.3,2019
3114,55031,6.9,2019
3115,55033,7.8,2019
3116,55035,8,2019
3117,55037,6.6,2019
3118,55039,9.8,2019
3119,55041,6.8,2019
3120,55043,9.5,2019
3121,55045,10.2,2019
3122,55047,9.2,2019
3123,55049,9.3,2019
3124,55051,6.3,2019
3125,55053,8.2,2019
3126,55055,10.6,2019
3127,55057,8.7,2019
3128,55059,11.2,2019
3129,55061,8.8,2019
3130,55063,8.5,2019
3131,55065,9.9,2019
3132,55067,7.5,2019
3133,55069,7.4,2019
3134,55071,9.5,2019
3135,55073,8.2,2019
3136,55075,8.1,2019
3137,55077,9,2019
3138,55078,8,2019
3139,55079,11.5,2019
3140,55081,8.5,2019
3141,55083,8.6,2019
3142,55085,7,2019
3143,55087,8.7,2019
3144,55089,10.5,2019
3145,55091,7.9,2019
3146,55093,8.1,2019
3147,55095,7.4,2019
3148,55097,8.6,2019
3149,55099,6.8,2019
3150,55101,11.7,2019
3151,55103,8.8,2019
3152,55105,10.9,2019
3153,55107,7,2019
3154,55109,8.1,2019
3155,55111,9,2019
3156,55113,6.6,2019
3157,55115,8.6,2019
3158,55117,9.8,2019
3159,55119,7.3,2019
3160,55121,8.4,2019
3161,55123,8.7,2019
3162,55125,6.5,2019
3163,55127,11.2,2019
3164,55129,6.5,2019
3165,55131,10.7,2019
3166,55133,11.3,2019
3167,55135,8.8,2019
3168,55137,8.9,2019
3169,55139,9.8,2019
3170,55141,8.5,2019
3171,56000,4.8,2019
3172,56001,3.7,2019
3173,56003,5.4,2019
3174,56005,5.8,2019
3175,56007,3,2019
3176,56009,3.4,2019
3177,56011,4.9,2019
3178,56013,5.4,2019
3179,56015,4.5,2019
3180,56017,4.2,2019
3181,56019,4.2,2019
3182,56021,4.6,2019
3183,56023,5.7,2019
3184,56025,3.9,2019
3185,56027,3.3,2019
3186,56029,5.3,2019
3187,56031,3.6,2019
3188,56033,5.7,2019
3189,56035,5.1,2019
3190,56037,5.1,2019
3191,56039,4.9,2019
3192,56041,5.9,2019
3193,56043,4.8,2019
3194,56045,4.1,2019