,FIPS,year,diff
1,11001,2019,NA
2,15001,2019,NA
3,15003,2019,NA
4,15005,2019,NA
5,15007,2019,NA
6,15009,2019,NA
7,51678,2019,NA
8,2013,2019,NA
9,2016,2019,NA
10,2020,2019,NA
11,2050,2019,NA
12,2060,2019,NA
13,2068,2019,NA
14,2070,2019,NA
15,2090,2019,NA
16,2100,2019,NA
17,2105,2019,NA
18,2110,2019,NA
19,2122,2019,NA
20,2130,2019,NA
21,2150,2019,NA
22,2158,2019,NA
23,2164,2019,NA
24,2170,2019,NA
25,2180,2019,NA
26,2185,2019,NA
27,2188,2019,NA
28,2195,2019,NA
29,2198,2019,NA
30,2220,2019,NA
31,2230,2019,NA
32,2240,2019,NA
33,2261,2019,NA
34,2275,2019,NA
35,2282,2019,NA
36,2290,2019,NA
37,1001,2019,7.7
38,1003,2019,7.2
39,1005,2019,8.5
40,1007,2019,6.9
41,1009,2019,11.3
42,1011,2019,8.4
43,1013,2019,7.6
44,1015,2019,10.1
45,1017,2019,6.8
46,1019,2019,9.6
47,1021,2019,7.4
48,1023,2019,7.7
49,1025,2019,7.1
50,1027,2019,8.5
51,1029,2019,9.4
52,1031,2019,8
53,1033,2019,8.7
54,1035,2019,8.2
55,1037,2019,7.9
56,1039,2019,7.8
57,1041,2019,7.3
58,1043,2019,10.6
59,1045,2019,8.2
60,1047,2019,7.1
61,1049,2019,9.3
62,1051,2019,7.6
63,1053,2019,7.6
64,1055,2019,10.6
65,1057,2019,7
66,1059,2019,8.3
67,1061,2019,8
68,1063,2019,7
69,1065,2019,6.5
70,1067,2019,8.3
71,1069,2019,8
72,1071,2019,9.6
73,1073,2019,9.1
74,1075,2019,6.4
75,1077,2019,9.2
76,1079,2019,9.2
77,1081,2019,6.5
78,1083,2019,9.8
79,1085,2019,7.5
80,1087,2019,7.2
81,1089,2019,9.6
82,1091,2019,7
83,1093,2019,7.7
84,1095,2019,10.2
85,1097,2019,7.2
86,1099,2019,8.1
87,1101,2019,7.6
88,1103,2019,10
89,1105,2019,6.8
90,1107,2019,7.1
91,1109,2019,8.1
92,1111,2019,7.7
93,1113,2019,7.1
94,1115,2019,10.7
95,1117,2019,8.4
96,1119,2019,7.5
97,1121,2019,9.3
98,1123,2019,7.5
99,1125,2019,6.9
100,1127,2019,8.6
101,1129,2019,6.8
102,1131,2019,7.2
103,1133,2019,9
104,4001,2019,-2.2
105,4003,2019,2.6
106,4005,2019,-2.1
107,4007,2019,-0.3
108,4009,2019,2.2
109,4011,2019,2.5
110,4012,2019,-3.3
111,4013,2019,-1.2
112,4015,2019,-3.2
113,4017,2019,-2.2
114,4019,2019,1.2
115,4021,2019,0.7
116,4023,2019,2.1
117,4025,2019,-2.3
118,4027,2019,-2
119,5001,2019,7.2
120,5003,2019,6.2
121,5005,2019,2.9
122,5007,2019,2.3
123,5009,2019,2
124,5011,2019,6.2
125,5013,2019,5.6
126,5015,2019,2.2
127,5017,2019,5.4
128,5019,2019,5.3
129,5021,2019,6.5
130,5023,2019,7.5
131,5025,2019,5.8
132,5027,2019,4.9
133,5029,2019,4.5
134,5031,2019,6.1
135,5033,2019,2.8
136,5035,2019,6.8
137,5037,2019,7.2
138,5039,2019,5.6
139,5041,2019,6.9
140,5043,2019,6
141,5045,2019,5.8
142,5047,2019,2.7
143,5049,2019,4.3
144,5051,2019,5.2
145,5053,2019,5.7
146,5055,2019,6
147,5057,2019,4.8
148,5059,2019,5.5
149,5061,2019,4.7
150,5063,2019,6.6
151,5065,2019,4.7
152,5067,2019,6.4
153,5069,2019,6.1
154,5071,2019,3
155,5073,2019,5.1
156,5075,2019,5.6
157,5077,2019,7.1
158,5079,2019,6.1
159,5081,2019,5.2
160,5083,2019,3.1
161,5085,2019,6.9
162,5087,2019,2.3
163,5089,2019,2.4
164,5091,2019,5.4
165,5093,2019,6.6
166,5095,2019,7.1
167,5097,2019,4.5
168,5099,2019,4.9
169,5101,2019,2.8
170,5103,2019,4.9
171,5105,2019,4.4
172,5107,2019,7.5
173,5109,2019,4.6
174,5111,2019,6.6
175,5113,2019,4.3
176,5115,2019,3.7
177,5117,2019,6.7
178,5119,2019,5.7
179,5121,2019,5.5
180,5123,2019,7.2
181,5125,2019,5.4
182,5127,2019,3.7
183,5129,2019,4.7
184,5131,2019,3.3
185,5133,2019,5.1
186,5135,2019,5.3
187,5137,2019,5.9
188,5139,2019,5.6
189,5141,2019,5.8
190,5143,2019,2.2
191,5145,2019,8.1
192,5147,2019,6.8
193,5149,2019,3.7
194,6001,2019,2
195,6003,2019,-1
196,6005,2019,0
197,6007,2019,-2.3
198,6009,2019,0.6
199,6011,2019,-2.5
200,6013,2019,2.3
201,6015,2019,-2.6
202,6017,2019,-1.2
203,6019,2019,-0.5
204,6021,2019,-2.5
205,6023,2019,-2.2
206,6025,2019,-1.4
207,6027,2019,-1.6
208,6029,2019,0.5
209,6031,2019,-1.7
210,6033,2019,-1.3
211,6035,2019,-6.5
212,6037,2019,2.6
213,6039,2019,-0.4
214,6041,2019,3.4
215,6043,2019,0.2
216,6045,2019,-2.5
217,6047,2019,0.4
218,6049,2019,-6.5
219,6051,2019,-1.5
220,6053,2019,0.7
221,6055,2019,0.6
222,6057,2019,-2.4
223,6059,2019,3.5
224,6061,2019,-1.9
225,6063,2019,-4.8
226,6065,2019,-0.5
227,6067,2019,-1.2
228,6069,2019,1.3
229,6071,2019,-1.4
230,6073,2019,0.7
231,6075,2019,4.2
232,6077,2019,0
233,6079,2019,0.5
234,6081,2019,3.5
235,6083,2019,3.2
236,6085,2019,2.5
237,6087,2019,3.9
238,6089,2019,-4.4
239,6091,2019,-3.1
240,6093,2019,-5.4
241,6095,2019,0.4
242,6097,2019,1.4
243,6099,2019,0.9
244,6101,2019,-2.5
245,6103,2019,-2.6
246,6105,2019,-3.5
247,6107,2019,-0.6
248,6109,2019,0.3
249,6111,2019,3.9
250,6113,2019,-1.5
251,6115,2019,-2.1
252,8001,2019,-3.3
253,8003,2019,-3.8
254,8005,2019,-3.8
255,8007,2019,-3.9
256,8009,2019,-4.2
257,8011,2019,-6
258,8013,2019,-2.4
259,8014,2019,-2.7
260,8015,2019,-5.1
261,8017,2019,-5.8
262,8019,2019,-3
263,8021,2019,-3.4
264,8023,2019,-2.7
265,8025,2019,-4.5
266,8027,2019,-4
267,8029,2019,-6
268,8031,2019,-3.2
269,8033,2019,-3.7
270,8035,2019,-4.5
271,8037,2019,-4.8
272,8039,2019,-4.5
273,8041,2019,-5.4
274,8043,2019,-5.7
275,8045,2019,-4.8
276,8047,2019,-3.3
277,8049,2019,-3.1
278,8051,2019,-5.2
279,8053,2019,-3.1
280,8055,2019,-3.7
281,8057,2019,-4
282,8059,2019,-3.4
283,8061,2019,-5.9
284,8063,2019,-4.5
285,8065,2019,-3.8
286,8067,2019,-3.7
287,8069,2019,-3
288,8071,2019,-4.1
289,8073,2019,-4.7
290,8075,2019,-4.1
291,8077,2019,-5.4
292,8079,2019,-3.4
293,8081,2019,-4
294,8083,2019,-3.8
295,8085,2019,-4.8
296,8087,2019,-3.8
297,8089,2019,-4.5
298,8091,2019,-3.7
299,8093,2019,-4.3
300,8095,2019,-3.2
301,8097,2019,-5
302,8099,2019,-5
303,8101,2019,-4.2
304,8103,2019,-3.9
305,8105,2019,-3.6
306,8107,2019,-4.5
307,8109,2019,-5
308,8111,2019,-2.5
309,8113,2019,-3.7
310,8115,2019,-3.7
311,8117,2019,-3.5
312,8119,2019,-5.4
313,8121,2019,-3.6
314,8123,2019,-3.1
315,8125,2019,-3
316,9001,2019,10.5
317,9003,2019,8.3
318,9005,2019,8.6
319,9007,2019,8.7
320,9009,2019,8.9
321,9011,2019,8.9
322,9013,2019,8.4
323,9015,2019,8.1
324,10001,2019,10.4
325,10003,2019,10.4
326,10005,2019,10.6
327,12001,2019,8.1
328,12003,2019,7.9
329,12005,2019,8.6
330,12007,2019,7.9
331,12009,2019,6.7
332,12011,2019,6
333,12013,2019,8.3
334,12015,2019,7.1
335,12017,2019,8.1
336,12019,2019,8.6
337,12021,2019,5.8
338,12023,2019,7.5
339,12027,2019,7
340,12029,2019,8
341,12031,2019,9.1
342,12033,2019,7
343,12035,2019,8.6
344,12037,2019,8.3
345,12039,2019,7.9
346,12041,2019,7.9
347,12043,2019,6.4
348,12045,2019,8.6
349,12047,2019,8.2
350,12049,2019,7.2
351,12051,2019,6
352,12053,2019,8
353,12055,2019,6.5
354,12057,2019,8.1
355,12059,2019,7.8
356,12061,2019,6.4
357,12063,2019,8
358,12065,2019,7.8
359,12067,2019,7.9
360,12069,2019,8
361,12071,2019,6.4
362,12073,2019,7.9
363,12075,2019,8.1
364,12077,2019,8.4
365,12079,2019,8
366,12081,2019,7.6
367,12083,2019,8.3
368,12085,2019,6.1
369,12086,2019,6.2
370,12087,2019,6.3
371,12089,2019,9.3
372,12091,2019,6.8
373,12093,2019,6.3
374,12095,2019,7.8
375,12097,2019,7.3
376,12099,2019,5.8
377,12101,2019,7.8
378,12103,2019,7.1
379,12105,2019,7.6
380,12107,2019,8.6
381,12109,2019,9.4
382,12111,2019,6.1
383,12113,2019,6.2
384,12115,2019,7.2
385,12117,2019,7.3
386,12119,2019,8.1
387,12121,2019,7.8
388,12123,2019,8
389,12125,2019,7.5
390,12127,2019,7.6
391,12129,2019,8.1
392,12131,2019,7.6
393,12133,2019,7.8
394,13001,2019,8
395,13003,2019,7.8
396,13005,2019,7.6
397,13007,2019,7.6
398,13009,2019,8.4
399,13011,2019,7.9
400,13013,2019,7.4
401,13015,2019,9.4
402,13017,2019,8.4
403,13019,2019,7.3
404,13021,2019,8.4
405,13023,2019,8.4
406,13025,2019,9.3
407,13027,2019,6.9
408,13029,2019,9.1
409,13031,2019,8.5
410,13033,2019,9.2
411,13035,2019,8.2
412,13037,2019,8.5
413,13039,2019,9.9
414,13043,2019,8.7
415,13045,2019,8.8
416,13047,2019,9.7
417,13049,2019,9.1
418,13051,2019,8.7
419,13053,2019,7.3
420,13055,2019,9
421,13057,2019,8.7
422,13059,2019,6.8
423,13061,2019,8.4
424,13063,2019,7.9
425,13065,2019,8.4
426,13067,2019,8.7
427,13069,2019,8.2
428,13071,2019,6.4
429,13073,2019,8.4
430,13075,2019,6.7
431,13077,2019,7.9
432,13079,2019,8.3
433,13081,2019,8.5
434,13083,2019,9.5
435,13085,2019,8
436,13087,2019,7.7
437,13089,2019,8
438,13091,2019,8.4
439,13093,2019,8.6
440,13095,2019,8
441,13097,2019,8.8
442,13099,2019,8.1
443,13101,2019,8.4
444,13103,2019,8.1
445,13105,2019,5.5
446,13107,2019,8.9
447,13109,2019,8.7
448,13111,2019,8.8
449,13113,2019,7.9
450,13115,2019,9.4
451,13117,2019,8
452,13119,2019,7.4
453,13121,2019,8.3
454,13123,2019,8.7
455,13125,2019,8.6
456,13127,2019,9.6
457,13129,2019,9
458,13131,2019,7.2
459,13133,2019,7
460,13135,2019,7.8
461,13137,2019,8.7
462,13139,2019,7.8
463,13141,2019,7.9
464,13143,2019,9.6
465,13145,2019,6.6
466,13147,2019,6.8
467,13149,2019,7.4
468,13151,2019,7.9
469,13153,2019,8.4
470,13155,2019,8
471,13157,2019,7.4
472,13159,2019,8.6
473,13161,2019,8.2
474,13163,2019,9
475,13165,2019,9
476,13167,2019,8.9
477,13169,2019,8.5
478,13171,2019,8
479,13173,2019,7.8
480,13175,2019,8.6
481,13177,2019,8.3
482,13179,2019,9.3
483,13181,2019,6.8
484,13183,2019,9.1
485,13185,2019,7.7
486,13187,2019,7.8
487,13189,2019,8
488,13191,2019,9.2
489,13193,2019,8.2
490,13195,2019,6.4
491,13197,2019,7.6
492,13199,2019,7.1
493,13201,2019,7.8
494,13205,2019,6.9
495,13207,2019,8.4
496,13209,2019,8.4
497,13211,2019,7.8
498,13213,2019,9.2
499,13215,2019,6.9
500,13217,2019,8.3
501,13219,2019,7.1
502,13221,2019,6.1
503,13223,2019,9.3
504,13225,2019,8.4
505,13227,2019,8.5
506,13229,2019,8.3
507,13231,2019,7.6
508,13233,2019,9.8
509,13235,2019,8.5
510,13237,2019,8.2
511,13239,2019,8.2
512,13241,2019,9.5
513,13243,2019,8.4
514,13245,2019,8.9
515,13247,2019,8
516,13249,2019,8
517,13251,2019,8.4
518,13253,2019,8
519,13255,2019,7.8
520,13257,2019,8.1
521,13259,2019,7.8
522,13261,2019,8.2
523,13263,2019,7
524,13265,2019,6.6
525,13267,2019,8.6
526,13269,2019,7.8
527,13271,2019,8.6
528,13273,2019,8.4
529,13275,2019,6.8
530,13277,2019,7.1
531,13279,2019,8.4
532,13281,2019,9.2
533,13283,2019,8.7
534,13285,2019,6.6
535,13287,2019,8
536,13289,2019,8.5
537,13291,2019,8.4
538,13293,2019,7.7
539,13295,2019,9.2
540,13297,2019,7.7
541,13299,2019,8.3
542,13301,2019,7.8
543,13303,2019,8.8
544,13305,2019,8.9
545,13307,2019,7.9
546,13309,2019,8.5
547,13311,2019,8.2
548,13313,2019,9.4
549,13315,2019,8.4
550,13317,2019,6
551,13319,2019,8.6
552,13321,2019,7.4
553,16001,2019,-10.7
554,16003,2019,-9.5
555,16005,2019,-7.8
556,16007,2019,-8.4
557,16009,2019,-4.9
558,16011,2019,-8.6
559,16013,2019,-11.7
560,16015,2019,-11.3
561,16017,2019,-7.3
562,16019,2019,-8.5
563,16021,2019,-8.4
564,16023,2019,-11.6
565,16025,2019,-12.7
566,16027,2019,-9.4
567,16029,2019,-8.8
568,16031,2019,-8.3
569,16033,2019,-10.5
570,16035,2019,-6.3
571,16037,2019,-12
572,16039,2019,-10.5
573,16041,2019,-8.5
574,16043,2019,-10
575,16045,2019,-10.7
576,16047,2019,-10.9
577,16049,2019,-8.2
578,16051,2019,-9.9
579,16053,2019,-9
580,16055,2019,-5.7
581,16057,2019,-3.9
582,16059,2019,-11
583,16061,2019,-7.2
584,16063,2019,-9.7
585,16065,2019,-8.8
586,16067,2019,-9.2
587,16069,2019,-5.6
588,16071,2019,-8.9
589,16073,2019,-8.6
590,16075,2019,-9.6
591,16077,2019,-7.8
592,16079,2019,-6.2
593,16081,2019,-8.9
594,16083,2019,-8.9
595,16085,2019,-10
596,16087,2019,-9.7
597,17001,2019,2.8
598,17003,2019,5.1
599,17005,2019,6.6
600,17007,2019,5.9
601,17009,2019,2.9
602,17011,2019,6
603,17013,2019,3.7
604,17015,2019,5.9
605,17017,2019,4.3
606,17019,2019,8
607,17021,2019,5.8
608,17023,2019,8.7
609,17025,2019,8.5
610,17027,2019,7
611,17029,2019,7.6
612,17031,2019,6
613,17033,2019,10
614,17035,2019,7.9
615,17037,2019,6
616,17039,2019,8.1
617,17041,2019,7.9
618,17043,2019,5.8
619,17045,2019,8
620,17047,2019,8.8
621,17049,2019,7.9
622,17051,2019,7.1
623,17053,2019,8.5
624,17055,2019,6.3
625,17057,2019,3.7
626,17059,2019,6.7
627,17061,2019,4.3
628,17063,2019,7.2
629,17065,2019,7
630,17067,2019,2.8
631,17069,2019,6.7
632,17071,2019,3.1
633,17073,2019,4.7
634,17075,2019,8.4
635,17077,2019,5.9
636,17079,2019,8.8
637,17081,2019,7.2
638,17083,2019,3.8
639,17085,2019,4.9
640,17087,2019,5.8
641,17089,2019,6
642,17091,2019,7.7
643,17093,2019,6.2
644,17095,2019,4
645,17097,2019,5.4
646,17099,2019,7.2
647,17101,2019,10
648,17103,2019,6.1
649,17105,2019,8.4
650,17107,2019,6.6
651,17109,2019,3.2
652,17111,2019,6.1
653,17113,2019,9
654,17115,2019,7.2
655,17117,2019,4.7
656,17119,2019,5
657,17121,2019,7.7
658,17123,2019,7.1
659,17125,2019,4.6
660,17127,2019,5.9
661,17129,2019,4.7
662,17131,2019,3.7
663,17133,2019,6.2
664,17135,2019,5.5
665,17137,2019,4.9
666,17139,2019,7.5
667,17141,2019,5.9
668,17143,2019,5.4
669,17145,2019,6.5
670,17147,2019,8
671,17149,2019,3.1
672,17151,2019,6.1
673,17153,2019,5.3
674,17155,2019,6.8
675,17157,2019,6.6
676,17159,2019,9.2
677,17161,2019,4.3
678,17163,2019,5.8
679,17165,2019,6.4
680,17167,2019,4.9
681,17169,2019,3.4
682,17171,2019,4
683,17173,2019,7.3
684,17175,2019,5.8
685,17177,2019,6
686,17179,2019,6.8
687,17181,2019,5.5
688,17183,2019,7.6
689,17185,2019,9.1
690,17187,2019,2.9
691,17189,2019,6.9
692,17191,2019,8.2
693,17193,2019,7.2
694,17195,2019,5.7
695,17197,2019,6.4
696,17199,2019,6.1
697,17201,2019,6
698,17203,2019,8.3
699,18001,2019,10.2
700,18003,2019,9.5
701,18005,2019,9.5
702,18007,2019,8
703,18009,2019,10.5
704,18011,2019,8.9
705,18013,2019,9.4
706,18015,2019,8.6
707,18017,2019,9.3
708,18019,2019,9.7
709,18021,2019,9.6
710,18023,2019,8.8
711,18025,2019,9
712,18027,2019,10.3
713,18029,2019,11
714,18031,2019,9.7
715,18033,2019,9.4
716,18035,2019,11.1
717,18037,2019,9.5
718,18039,2019,8.7
719,18041,2019,10.6
720,18043,2019,9.7
721,18045,2019,8.4
722,18047,2019,10.6
723,18049,2019,9.6
724,18051,2019,8.7
725,18053,2019,9.9
726,18055,2019,10
727,18057,2019,9.2
728,18059,2019,9.5
729,18061,2019,9.5
730,18063,2019,8.8
731,18065,2019,10.6
732,18067,2019,9.3
733,18069,2019,9.6
734,18071,2019,9.4
735,18073,2019,8.7
736,18075,2019,10.5
737,18077,2019,10.5
738,18079,2019,9.9
739,18081,2019,9
740,18083,2019,10.3
741,18085,2019,9.4
742,18087,2019,9.4
743,18089,2019,7.5
744,18091,2019,7.8
745,18093,2019,9.4
746,18095,2019,10.3
747,18097,2019,8.5
748,18099,2019,9.1
749,18101,2019,10.1
750,18103,2019,9.3
751,18105,2019,9.4
752,18107,2019,9.2
753,18109,2019,9.1
754,18111,2019,8.6
755,18113,2019,9.5
756,18115,2019,11.2
757,18117,2019,9.4
758,18119,2019,9.8
759,18121,2019,9
760,18123,2019,8.4
761,18125,2019,9.5
762,18127,2019,7.9
763,18129,2019,7.3
764,18131,2019,9.3
765,18133,2019,9.4
766,18135,2019,10.4
767,18137,2019,10.3
768,18139,2019,10.2
769,18141,2019,8.3
770,18143,2019,10
771,18145,2019,9.6
772,18147,2019,8.1
773,18149,2019,8.8
774,18151,2019,9.8
775,18153,2019,10.2
776,18155,2019,11.5
777,18157,2019,8.1
778,18159,2019,9.8
779,18161,2019,10.5
780,18163,2019,8
781,18165,2019,8.4
782,18167,2019,9.5
783,18169,2019,9.4
784,18171,2019,7.7
785,18173,2019,8.2
786,18175,2019,9.5
787,18177,2019,10.2
788,18179,2019,10
789,18181,2019,8.5
790,18183,2019,9.9
791,19001,2019,1.9
792,19003,2019,1.3
793,19005,2019,3.3
794,19007,2019,2.4
795,19009,2019,3.3
796,19011,2019,2.1
797,19013,2019,3.1
798,19015,2019,2.6
799,19017,2019,3.6
800,19019,2019,2.7
801,19021,2019,2.7
802,19023,2019,3.5
803,19025,2019,3.2
804,19027,2019,4.2
805,19029,2019,2.2
806,19031,2019,4.1
807,19033,2019,3.6
808,19035,2019,1.2
809,19037,2019,3.4
810,19039,2019,1.4
811,19041,2019,2.1
812,19043,2019,3.5
813,19045,2019,5.6
814,19047,2019,3.3
815,19049,2019,1.7
816,19051,2019,2
817,19053,2019,1.2
818,19055,2019,3.8
819,19057,2019,3
820,19059,2019,1.7
821,19061,2019,3.8
822,19063,2019,2.2
823,19065,2019,3.5
824,19067,2019,3.4
825,19069,2019,4
826,19071,2019,0.7
827,19073,2019,3.3
828,19075,2019,3.1
829,19077,2019,2.7
830,19079,2019,3
831,19081,2019,3.5
832,19083,2019,3.5
833,19085,2019,1.3
834,19087,2019,2.1
835,19089,2019,3.7
836,19091,2019,2.4
837,19093,2019,2.6
838,19095,2019,2.9
839,19097,2019,5.2
840,19099,2019,2.5
841,19101,2019,1.6
842,19103,2019,3.1
843,19105,2019,5.1
844,19107,2019,2.2
845,19109,2019,3.2
846,19111,2019,1.8
847,19113,2019,3.3
848,19115,2019,3.2
849,19117,2019,2
850,19119,2019,-0.9
851,19121,2019,1.2
852,19123,2019,2.6
853,19125,2019,2.2
854,19127,2019,2.6
855,19129,2019,0.8
856,19131,2019,3.5
857,19133,2019,1
858,19135,2019,2.3
859,19137,2019,1.5
860,19139,2019,3.4
861,19141,2019,0.8
862,19143,2019,0.2
863,19145,2019,1.2
864,19147,2019,3.4
865,19149,2019,-0.6
866,19151,2019,3.1
867,19153,2019,1.5
868,19155,2019,1.4
869,19157,2019,2.6
870,19159,2019,1
871,19161,2019,3.4
872,19163,2019,4.7
873,19165,2019,2.8
874,19167,2019,-0.7
875,19169,2019,2.6
876,19171,2019,2.5
877,19173,2019,1.1
878,19175,2019,1.3
879,19177,2019,0.6
880,19179,2019,1.9
881,19181,2019,1.3
882,19183,2019,2.2
883,19185,2019,1.9
884,19187,2019,2.5
885,19189,2019,3.6
886,19191,2019,4.2
887,19193,2019,0.4
888,19195,2019,3.4
889,19197,2019,3.1
890,20001,2019,2.4
891,20003,2019,1.8
892,20005,2019,0.6
893,20007,2019,1
894,20009,2019,-1.8
895,20011,2019,1.8
896,20013,2019,0.2
897,20015,2019,1.5
898,20017,2019,1.3
899,20019,2019,1.5
900,20021,2019,2.3
901,20023,2019,-3.3
902,20025,2019,-0.2
903,20027,2019,1.3
904,20029,2019,0.3
905,20031,2019,1.6
906,20033,2019,0.8
907,20035,2019,1.4
908,20037,2019,2.3
909,20039,2019,-1.1
910,20041,2019,1.7
911,20043,2019,-0.7
912,20045,2019,0.3
913,20047,2019,-0.8
914,20049,2019,1.6
915,20051,2019,-2.3
916,20053,2019,0.2
917,20055,2019,-2.3
918,20057,2019,-0.7
919,20059,2019,1.4
920,20061,2019,1.9
921,20063,2019,-3.6
922,20065,2019,-1.9
923,20067,2019,-1.5
924,20069,2019,-1.9
925,20071,2019,-6.9
926,20073,2019,1.9
927,20075,2019,-3.5
928,20077,2019,1.1
929,20079,2019,0.3
930,20081,2019,-1.5
931,20083,2019,-1.2
932,20085,2019,1.1
933,20087,2019,0.7
934,20089,2019,0.2
935,20091,2019,-0.3
936,20093,2019,-2.5
937,20095,2019,0.2
938,20097,2019,0
939,20099,2019,1.6
940,20101,2019,-2.9
941,20103,2019,-0.2
942,20105,2019,-0.1
943,20107,2019,1.5
944,20109,2019,-5.8
945,20111,2019,1.7
946,20113,2019,0.4
947,20115,2019,1.1
948,20117,2019,0.7
949,20119,2019,-1.4
950,20121,2019,0.6
951,20123,2019,-0.5
952,20125,2019,1.3
953,20127,2019,2.2
954,20129,2019,-1.8
955,20131,2019,0.8
956,20133,2019,2.2
957,20135,2019,-1.8
958,20137,2019,-1.4
959,20139,2019,1.8
960,20141,2019,-1.2
961,20143,2019,1.1
962,20145,2019,-1.5
963,20147,2019,-1.2
964,20149,2019,1.5
965,20151,2019,0.1
966,20153,2019,-2.5
967,20155,2019,-0.2
968,20157,2019,0.4
969,20159,2019,-0.3
970,20161,2019,1.6
971,20163,2019,-1.7
972,20165,2019,-2.1
973,20167,2019,-1.5
974,20169,2019,0.9
975,20171,2019,-3.9
976,20173,2019,0.6
977,20175,2019,-1.5
978,20177,2019,0.8
979,20179,2019,-2.3
980,20181,2019,-5
981,20183,2019,-0.9
982,20185,2019,-1.2
983,20187,2019,-2.2
984,20189,2019,-1.4
985,20191,2019,1.3
986,20193,2019,-3.8
987,20195,2019,-2.5
988,20197,2019,1.8
989,20199,2019,-7.9
990,20201,2019,0.3
991,20203,2019,-5.5
992,20205,2019,2.2
993,20207,2019,2.5
994,20209,2019,-0.4
995,21001,2019,10.7
996,21003,2019,7.6
997,21005,2019,10.4
998,21007,2019,5.6
999,21009,2019,7.9
1000,21011,2019,10.8
1001,21013,2019,9.4
1002,21015,2019,11.3
1003,21017,2019,10.9
1004,21019,2019,11.9
1005,21021,2019,10.1
1006,21023,2019,10.9
1007,21025,2019,11
1008,21027,2019,8.6
1009,21029,2019,9.7
1010,21031,2019,8.1
1011,21033,2019,6.3
1012,21035,2019,7.1
1013,21037,2019,11
1014,21039,2019,5.8
1015,21041,2019,11.3
1016,21043,2019,11.3
1017,21045,2019,10.7
1018,21047,2019,7.3
1019,21049,2019,11.1
1020,21051,2019,10.5
1021,21053,2019,11.2
1022,21055,2019,6.7
1023,21057,2019,10.3
1024,21059,2019,7.8
1025,21061,2019,8.6
1026,21063,2019,11.1
1027,21065,2019,11
1028,21067,2019,10.5
1029,21069,2019,10.6
1030,21071,2019,11.4
1031,21073,2019,10.9
1032,21075,2019,7
1033,21077,2019,11.5
1034,21079,2019,10.3
1035,21081,2019,11.1
1036,21083,2019,6.3
1037,21085,2019,8.8
1038,21087,2019,9.8
1039,21089,2019,11.6
1040,21091,2019,8
1041,21093,2019,9.4
1042,21095,2019,9.5
1043,21097,2019,10.8
1044,21099,2019,9
1045,21101,2019,7.8
1046,21103,2019,10.7
1047,21105,2019,6.3
1048,21107,2019,7.5
1049,21109,2019,10.8
1050,21111,2019,9.7
1051,21113,2019,10.3
1052,21115,2019,11.8
1053,21117,2019,11.1
1054,21119,2019,10.8
1055,21121,2019,10.2
1056,21123,2019,9.5
1057,21125,2019,10.6
1058,21127,2019,11.9
1059,21129,2019,10.9
1060,21131,2019,10.2
1061,21133,2019,10.4
1062,21135,2019,10.8
1063,21137,2019,10.5
1064,21139,2019,6.1
1065,21141,2019,6.9
1066,21143,2019,6
1067,21145,2019,5.9
1068,21147,2019,11
1069,21149,2019,7.9
1070,21151,2019,10.7
1071,21153,2019,11.4
1072,21155,2019,10
1073,21157,2019,6.2
1074,21159,2019,11.6
1075,21161,2019,10.9
1076,21163,2019,9.1
1077,21165,2019,10.7
1078,21167,2019,10.1
1079,21169,2019,9
1080,21171,2019,8.4
1081,21173,2019,11.3
1082,21175,2019,10.8
1083,21177,2019,7.7
1084,21179,2019,9.7
1085,21181,2019,10.9
1086,21183,2019,8.2
1087,21185,2019,9.8
1088,21187,2019,11.1
1089,21189,2019,10.8
1090,21191,2019,11
1091,21193,2019,10.4
1092,21195,2019,11.1
1093,21197,2019,11
1094,21199,2019,11
1095,21201,2019,10.9
1096,21203,2019,10.7
1097,21205,2019,10.2
1098,21207,2019,11.1
1099,21209,2019,10.8
1100,21211,2019,10.1
1101,21213,2019,7.2
1102,21215,2019,9.9
1103,21217,2019,10.3
1104,21219,2019,7.4
1105,21221,2019,7
1106,21223,2019,10.5
1107,21225,2019,7.2
1108,21227,2019,8.1
1109,21229,2019,9.9
1110,21231,2019,11.5
1111,21233,2019,7.6
1112,21235,2019,10.1
1113,21237,2019,10.9
1114,21239,2019,10.4
1115,22001,2019,5.4
1116,22003,2019,5.2
1117,22005,2019,5.9
1118,22007,2019,6.4
1119,22009,2019,5.2
1120,22011,2019,6.1
1121,22013,2019,5.9
1122,22015,2019,6.2
1123,22017,2019,5
1124,22019,2019,5.8
1125,22021,2019,5.1
1126,22023,2019,5.6
1127,22025,2019,5.2
1128,22027,2019,5.4
1129,22029,2019,5.3
1130,22031,2019,5.6
1131,22033,2019,6
1132,22035,2019,5
1133,22037,2019,6.2
1134,22039,2019,5.4
1135,22041,2019,5.1
1136,22043,2019,5.2
1137,22045,2019,5.6
1138,22047,2019,5.9
1139,22049,2019,5.5
1140,22051,2019,7.1
1141,22053,2019,5.1
1142,22055,2019,5.7
1143,22057,2019,7.5
1144,22059,2019,5.4
1145,22061,2019,5.8
1146,22063,2019,6.4
1147,22065,2019,6.7
1148,22067,2019,5.6
1149,22069,2019,6.1
1150,22071,2019,6.8
1151,22073,2019,4.7
1152,22075,2019,7.3
1153,22077,2019,6
1154,22079,2019,5.1
1155,22081,2019,6.6
1156,22083,2019,4.7
1157,22085,2019,6.1
1158,22087,2019,6.8
1159,22089,2019,7.1
1160,22091,2019,6.9
1161,22093,2019,6.5
1162,22095,2019,6.9
1163,22097,2019,6
1164,22099,2019,5.9
1165,22101,2019,6.5
1166,22103,2019,6.9
1167,22105,2019,7
1168,22107,2019,6.3
1169,22109,2019,7.5
1170,22111,2019,6
1171,22113,2019,5.4
1172,22115,2019,6.5
1173,22117,2019,6.9
1174,22119,2019,6
1175,22121,2019,6
1176,22123,2019,5
1177,22125,2019,5.8
1178,22127,2019,5.6
1179,23001,2019,7.8
1180,23003,2019,6.4
1181,23005,2019,7.8
1182,23007,2019,7.4
1183,23009,2019,6.3
1184,23011,2019,7.5
1185,23013,2019,7
1186,23015,2019,7.6
1187,23017,2019,7.7
1188,23019,2019,6.6
1189,23021,2019,6.6
1190,23023,2019,7.9
1191,23025,2019,6.6
1192,23027,2019,6.7
1193,23029,2019,6.2
1194,23031,2019,7.4
1195,24001,2019,9.4
1196,24003,2019,11.1
1197,24005,2019,10.7
1198,24009,2019,10
1199,24011,2019,10.2
1200,24013,2019,10.3
1201,24015,2019,10.2
1202,24017,2019,10.7
1203,24019,2019,10.2
1204,24021,2019,10.1
1205,24023,2019,10.6
1206,24025,2019,9.9
1207,24027,2019,11.4
1208,24029,2019,9.7
1209,24031,2019,10.8
1210,24033,2019,10.6
1211,24035,2019,9.8
1212,24037,2019,10.1
1213,24039,2019,9.7
1214,24041,2019,10
1215,24043,2019,9.5
1216,24045,2019,10.2
1217,24047,2019,9.9
1218,24510,2019,11.4
1219,24511,2019,10.6
1220,25001,2019,7.8
1221,25003,2019,7.1
1222,25005,2019,7.7
1223,25007,2019,8
1224,25009,2019,7.9
1225,25011,2019,8.6
1226,25013,2019,7.9
1227,25015,2019,7.8
1228,25017,2019,8.1
1229,25019,2019,8
1230,25021,2019,8.2
1231,25023,2019,8.1
1232,25025,2019,8.3
1233,25027,2019,8.8
1234,26001,2019,6.4
1235,26003,2019,5.5
1236,26005,2019,7.1
1237,26007,2019,6.3
1238,26009,2019,4.4
1239,26011,2019,7.3
1240,26013,2019,7.2
1241,26015,2019,8.2
1242,26017,2019,7.5
1243,26019,2019,5.6
1244,26021,2019,7.2
1245,26023,2019,9.7
1246,26025,2019,9.1
1247,26027,2019,8
1248,26029,2019,4.2
1249,26031,2019,5.1
1250,26033,2019,5
1251,26035,2019,6.7
1252,26037,2019,7.9
1253,26039,2019,5.2
1254,26041,2019,6.4
1255,26043,2019,7.1
1256,26045,2019,8.3
1257,26047,2019,4.6
1258,26049,2019,8.4
1259,26051,2019,7
1260,26053,2019,5.2
1261,26055,2019,5.6
1262,26057,2019,7.9
1263,26059,2019,9.6
1264,26061,2019,6.7
1265,26063,2019,7.1
1266,26065,2019,8.1
1267,26067,2019,7.9
1268,26069,2019,7
1269,26071,2019,7.4
1270,26073,2019,7.3
1271,26075,2019,8.6
1272,26077,2019,8.9
1273,26079,2019,5.2
1274,26081,2019,7.3
1275,26083,2019,5.7
1276,26085,2019,6.1
1277,26087,2019,8
1278,26089,2019,5
1279,26091,2019,9
1280,26093,2019,8.1
1281,26095,2019,4.4
1282,26097,2019,4.5
1283,26099,2019,8
1284,26101,2019,5.4
1285,26103,2019,6.6
1286,26105,2019,5.4
1287,26107,2019,7
1288,26109,2019,7.1
1289,26111,2019,7.5
1290,26113,2019,5.9
1291,26115,2019,8.9
1292,26117,2019,7.6
1293,26119,2019,5.5
1294,26121,2019,6.1
1295,26123,2019,6.6
1296,26125,2019,8.1
1297,26127,2019,5.9
1298,26129,2019,6.6
1299,26131,2019,5.6
1300,26133,2019,6.5
1301,26135,2019,5.9
1302,26137,2019,4.7
1303,26139,2019,6.3
1304,26141,2019,5.7
1305,26143,2019,6.2
1306,26145,2019,7.9
1307,26147,2019,8.1
1308,26149,2019,8.9
1309,26151,2019,7.4
1310,26153,2019,5.1
1311,26155,2019,8.2
1312,26157,2019,7.5
1313,26159,2019,7.3
1314,26161,2019,7.7
1315,26163,2019,8
1316,26165,2019,5.9
1317,27001,2019,4
1318,27003,2019,3.5
1319,27005,2019,2.3
1320,27007,2019,3
1321,27009,2019,3.8
1322,27011,2019,0
1323,27013,2019,3
1324,27015,2019,2.2
1325,27017,2019,3.7
1326,27019,2019,3.5
1327,27021,2019,3.2
1328,27023,2019,0.9
1329,27025,2019,4.1
1330,27027,2019,1.5
1331,27029,2019,2.4
1332,27031,2019,2
1333,27033,2019,1.1
1334,27035,2019,4.2
1335,27037,2019,2.4
1336,27039,2019,3.3
1337,27041,2019,2.7
1338,27043,2019,3.1
1339,27045,2019,3.7
1340,27047,2019,3.5
1341,27049,2019,3.2
1342,27051,2019,1.6
1343,27053,2019,3.4
1344,27055,2019,2.7
1345,27057,2019,2.7
1346,27059,2019,4.5
1347,27061,2019,3.5
1348,27063,2019,1.1
1349,27065,2019,4.9
1350,27067,2019,2.6
1351,27069,2019,2.8
1352,27071,2019,4.6
1353,27073,2019,0.3
1354,27075,2019,2
1355,27077,2019,4.5
1356,27079,2019,3.2
1357,27081,2019,0.7
1358,27083,2019,-0.4
1359,27085,2019,3.3
1360,27087,2019,2.2
1361,27089,2019,1.5
1362,27091,2019,2.6
1363,27093,2019,2.8
1364,27095,2019,4.7
1365,27097,2019,4.1
1366,27099,2019,4.1
1367,27101,2019,-0.2
1368,27103,2019,3.1
1369,27105,2019,-0.5
1370,27107,2019,1.7
1371,27109,2019,3.5
1372,27111,2019,2.1
1373,27113,2019,0.9
1374,27115,2019,4.5
1375,27117,2019,0.7
1376,27119,2019,0.7
1377,27121,2019,2.5
1378,27123,2019,2.9
1379,27125,2019,0.6
1380,27127,2019,0.6
1381,27129,2019,1.8
1382,27131,2019,2.4
1383,27133,2019,0
1384,27135,2019,3.4
1385,27137,2019,3.2
1386,27139,2019,3
1387,27141,2019,4
1388,27143,2019,3.4
1389,27145,2019,3.4
1390,27147,2019,2.8
1391,27149,2019,1.4
1392,27151,2019,1.7
1393,27153,2019,3.8
1394,27155,2019,0.2
1395,27157,2019,3.5
1396,27159,2019,3.4
1397,27161,2019,2.7
1398,27163,2019,3
1399,27165,2019,3
1400,27167,2019,0.9
1401,27169,2019,3.4
1402,27171,2019,3.5
1403,27173,2019,-0.1
1404,28001,2019,6
1405,28003,2019,6.1
1406,28005,2019,7
1407,28007,2019,5.5
1408,28009,2019,6.7
1409,28011,2019,7.4
1410,28013,2019,6.7
1411,28015,2019,7
1412,28017,2019,6.1
1413,28019,2019,6.5
1414,28021,2019,8.3
1415,28023,2019,8.8
1416,28025,2019,6.3
1417,28027,2019,7.4
1418,28029,2019,8.1
1419,28031,2019,7.6
1420,28033,2019,5.5
1421,28035,2019,6.9
1422,28037,2019,6.9
1423,28039,2019,6.8
1424,28041,2019,6.7
1425,28043,2019,7.6
1426,28045,2019,6.3
1427,28047,2019,6.8
1428,28049,2019,8.5
1429,28051,2019,5.9
1430,28053,2019,5.8
1431,28055,2019,5.9
1432,28057,2019,7.4
1433,28059,2019,7.4
1434,28061,2019,8.6
1435,28063,2019,7.1
1436,28065,2019,7.6
1437,28067,2019,7.7
1438,28069,2019,7.6
1439,28071,2019,6.8
1440,28073,2019,7
1441,28075,2019,8.7
1442,28077,2019,7.6
1443,28079,2019,5.6
1444,28081,2019,6.8
1445,28083,2019,7.5
1446,28085,2019,7.5
1447,28087,2019,6.7
1448,28089,2019,6.2
1449,28091,2019,7.4
1450,28093,2019,6.5
1451,28095,2019,6
1452,28097,2019,6.9
1453,28099,2019,6.8
1454,28101,2019,8
1455,28103,2019,7.7
1456,28105,2019,6.8
1457,28107,2019,7.2
1458,28109,2019,6.3
1459,28111,2019,6.8
1460,28113,2019,7.5
1461,28115,2019,6.2
1462,28117,2019,6.4
1463,28119,2019,7.3
1464,28121,2019,6.9
1465,28123,2019,6.5
1466,28125,2019,5.6
1467,28127,2019,7.5
1468,28129,2019,7.5
1469,28131,2019,6.4
1470,28133,2019,7.3
1471,28135,2019,7.9
1472,28137,2019,5.8
1473,28139,2019,6.4
1474,28141,2019,6.9
1475,28143,2019,6.5
1476,28145,2019,6.2
1477,28147,2019,7.4
1478,28149,2019,8.5
1479,28151,2019,5.9
1480,28153,2019,7.9
1481,28155,2019,6.6
1482,28157,2019,5.7
1483,28159,2019,6.7
1484,28161,2019,7.5
1485,28163,2019,6.3
1486,29001,2019,2.9
1487,29003,2019,-0.8
1488,29005,2019,-0.1
1489,29007,2019,2.8
1490,29009,2019,2.6
1491,29011,2019,2.1
1492,29013,2019,1.2
1493,29015,2019,2.3
1494,29017,2019,5.6
1495,29019,2019,1.4
1496,29021,2019,-0.7
1497,29023,2019,6.8
1498,29025,2019,1.3
1499,29027,2019,2.6
1500,29029,2019,3.4
1501,29031,2019,5.1
1502,29033,2019,1
1503,29035,2019,7.2
1504,29037,2019,1.2
1505,29039,2019,2.2
1506,29041,2019,1.3
1507,29043,2019,2.6
1508,29045,2019,1.6
1509,29047,2019,-0.4
1510,29049,2019,-0.2
1511,29051,2019,2.2
1512,29053,2019,1.6
1513,29055,2019,4.8
1514,29057,2019,2.3
1515,29059,2019,2.4
1516,29061,2019,1.2
1517,29063,2019,0
1518,29065,2019,3.7
1519,29067,2019,1.3
1520,29069,2019,7
1521,29071,2019,4.9
1522,29073,2019,4.1
1523,29075,2019,0.5
1524,29077,2019,2.5
1525,29079,2019,0.7
1526,29081,2019,1.3
1527,29083,2019,1.4
1528,29085,2019,2.4
1529,29087,2019,-1.2
1530,29089,2019,1.3
1531,29091,2019,3.6
1532,29093,2019,6.8
1533,29095,2019,0.6
1534,29097,2019,2.2
1535,29099,2019,6.2
1536,29101,2019,1.4
1537,29103,2019,2.5
1538,29105,2019,2.5
1539,29107,2019,1.2
1540,29109,2019,2.6
1541,29111,2019,2.4
1542,29113,2019,4.2
1543,29115,2019,1.2
1544,29117,2019,0.5
1545,29119,2019,2.7
1546,29121,2019,2.7
1547,29123,2019,6.5
1548,29125,2019,3.1
1549,29127,2019,2.7
1550,29129,2019,0.8
1551,29131,2019,3.1
1552,29133,2019,5.8
1553,29135,2019,1.9
1554,29137,2019,2.6
1555,29139,2019,4.3
1556,29141,2019,2.6
1557,29143,2019,7.1
1558,29145,2019,2.7
1559,29147,2019,0.2
1560,29149,2019,6.1
1561,29151,2019,3.3
1562,29153,2019,1.4
1563,29155,2019,7.2
1564,29157,2019,6
1565,29159,2019,1.7
1566,29161,2019,2.9
1567,29163,2019,3.8
1568,29165,2019,-0.8
1569,29167,2019,2.6
1570,29169,2019,2.8
1571,29171,2019,2.3
1572,29173,2019,3.2
1573,29175,2019,1.9
1574,29177,2019,0.9
1575,29179,2019,6.9
1576,29181,2019,6.3
1577,29183,2019,3.7
1578,29185,2019,1.4
1579,29186,2019,6.5
1580,29187,2019,6.6
1581,29189,2019,4.1
1582,29195,2019,1.8
1583,29197,2019,2.6
1584,29199,2019,1.8
1585,29201,2019,5.5
1586,29203,2019,5.9
1587,29205,2019,2.5
1588,29207,2019,6.6
1589,29209,2019,2.8
1590,29211,2019,1.7
1591,29213,2019,2.4
1592,29215,2019,2.3
1593,29217,2019,1.4
1594,29219,2019,5.1
1595,29221,2019,6.9
1596,29223,2019,7.1
1597,29225,2019,2
1598,29227,2019,0.9
1599,29229,2019,1.3
1600,29510,2019,4.5
1601,30001,2019,-9.4
1602,30003,2019,-8.8
1603,30005,2019,-6.1
1604,30007,2019,-9.2
1605,30009,2019,-10
1606,30011,2019,-6.4
1607,30013,2019,-11.3
1608,30015,2019,-10.1
1609,30017,2019,-5.5
1610,30019,2019,-1.6
1611,30021,2019,-2.5
1612,30023,2019,-8.2
1613,30025,2019,-4.9
1614,30027,2019,-9.2
1615,30029,2019,-7
1616,30031,2019,-9
1617,30033,2019,-5.2
1618,30035,2019,-7.3
1619,30037,2019,-10.2
1620,30039,2019,-7.2
1621,30041,2019,-7.9
1622,30043,2019,-8.6
1623,30045,2019,-10.7
1624,30047,2019,-6.9
1625,30049,2019,-9.4
1626,30051,2019,-9.7
1627,30053,2019,-7.6
1628,30055,2019,-2.3
1629,30057,2019,-8.5
1630,30059,2019,-9.7
1631,30061,2019,-6.3
1632,30063,2019,-6.2
1633,30065,2019,-9.5
1634,30067,2019,-9.3
1635,30069,2019,-8
1636,30071,2019,-5.1
1637,30073,2019,-10.2
1638,30075,2019,-6.9
1639,30077,2019,-8.3
1640,30079,2019,-3.7
1641,30081,2019,-6.8
1642,30083,2019,-1.7
1643,30085,2019,-1.2
1644,30087,2019,-7.3
1645,30089,2019,-7
1646,30091,2019,-1.9
1647,30093,2019,-8.4
1648,30095,2019,-10.6
1649,30097,2019,-9.9
1650,30099,2019,-11.2
1651,30101,2019,-9.5
1652,30103,2019,-8.3
1653,30105,2019,-3
1654,30107,2019,-9.7
1655,30109,2019,-3.8
1656,30111,2019,-9.9
1657,31001,2019,-0.6
1658,31003,2019,-0.7
1659,31005,2019,-3.5
1660,31007,2019,-5.2
1661,31009,2019,-1.4
1662,31011,2019,-0.3
1663,31013,2019,-5.9
1664,31015,2019,-0.6
1665,31017,2019,-0.7
1666,31019,2019,-0.4
1667,31021,2019,0
1668,31023,2019,0.2
1669,31025,2019,0.7
1670,31027,2019,0.3
1671,31029,2019,-1.9
1672,31031,2019,-4
1673,31033,2019,-5
1674,31035,2019,-0.1
1675,31037,2019,0
1676,31039,2019,0
1677,31041,2019,-0.9
1678,31043,2019,-0.8
1679,31045,2019,-6.3
1680,31047,2019,-0.8
1681,31049,2019,-4.1
1682,31051,2019,-0.7
1683,31053,2019,0.7
1684,31055,2019,0.9
1685,31057,2019,-2.2
1686,31059,2019,0
1687,31061,2019,-0.9
1688,31063,2019,-1.5
1689,31065,2019,-1.2
1690,31067,2019,1
1691,31069,2019,-4.5
1692,31071,2019,-0.4
1693,31073,2019,-1
1694,31075,2019,-4.4
1695,31077,2019,-0.1
1696,31079,2019,-0.5
1697,31081,2019,0
1698,31083,2019,-1
1699,31085,2019,-2.2
1700,31087,2019,-2
1701,31089,2019,-0.8
1702,31091,2019,-3.5
1703,31093,2019,-0.1
1704,31095,2019,0.9
1705,31097,2019,0.9
1706,31099,2019,-0.9
1707,31101,2019,-3.1
1708,31103,2019,-0.7
1709,31105,2019,-5.3
1710,31107,2019,0.3
1711,31109,2019,0.7
1712,31111,2019,-2.4
1713,31113,2019,-2.1
1714,31115,2019,-0.8
1715,31117,2019,-2.8
1716,31119,2019,-0.6
1717,31121,2019,0.5
1718,31123,2019,-5.1
1719,31125,2019,0.6
1720,31127,2019,0.2
1721,31129,2019,0.4
1722,31131,2019,0.4
1723,31133,2019,0.8
1724,31135,2019,-2.8
1725,31137,2019,-1.1
1726,31139,2019,-0.1
1727,31141,2019,0
1728,31143,2019,0.8
1729,31145,2019,-1.3
1730,31147,2019,-0.3
1731,31149,2019,-0.7
1732,31151,2019,0.5
1733,31153,2019,0.7
1734,31155,2019,1
1735,31157,2019,-4.7
1736,31159,2019,0.3
1737,31161,2019,-6.8
1738,31163,2019,-0.1
1739,31165,2019,-5.3
1740,31167,2019,-0.3
1741,31169,2019,0.9
1742,31171,2019,-2.3
1743,31173,2019,-0.5
1744,31175,2019,-0.2
1745,31177,2019,0.8
1746,31179,2019,-0.3
1747,31181,2019,-0.1
1748,31183,2019,-0.4
1749,31185,2019,0.3
1750,32001,2019,-6.5
1751,32003,2019,-3.3
1752,32005,2019,-2.2
1753,32007,2019,-6.1
1754,32009,2019,-2.6
1755,32011,2019,-6.1
1756,32013,2019,-7.8
1757,32015,2019,-6.6
1758,32017,2019,-3.7
1759,32019,2019,-3.2
1760,32021,2019,-3.4
1761,32023,2019,-3.9
1762,32027,2019,-8.1
1763,32029,2019,-3.5
1764,32031,2019,-6.5
1765,32033,2019,-5
1766,32510,2019,-2.4
1767,33001,2019,6.8
1768,33003,2019,6.9
1769,33005,2019,8.4
1770,33007,2019,7.6
1771,33009,2019,7.1
1772,33011,2019,8.4
1773,33013,2019,7.3
1774,33015,2019,7.7
1775,33017,2019,7.2
1776,33019,2019,7.4
1777,34001,2019,10.6
1778,34003,2019,10.2
1779,34005,2019,10
1780,34007,2019,9.2
1781,34009,2019,10.1
1782,34011,2019,10.1
1783,34013,2019,10.2
1784,34015,2019,9.4
1785,34017,2019,10.1
1786,34019,2019,10.2
1787,34021,2019,9.9
1788,34023,2019,10.4
1789,34025,2019,10.7
1790,34027,2019,9.9
1791,34029,2019,10.9
1792,34031,2019,9.9
1793,34033,2019,9.9
1794,34035,2019,10.3
1795,34037,2019,9.1
1796,34039,2019,10.3
1797,34041,2019,9.7
1798,35001,2019,-0.8
1799,35003,2019,1.6
1800,35005,2019,1.8
1801,35006,2019,-1.4
1802,35007,2019,-3
1803,35009,2019,-0.2
1804,35011,2019,0.6
1805,35013,2019,4.6
1806,35015,2019,2
1807,35017,2019,3.8
1808,35019,2019,1
1809,35021,2019,-1.2
1810,35023,2019,3.5
1811,35025,2019,0.9
1812,35027,2019,1.9
1813,35028,2019,-1.3
1814,35029,2019,3.9
1815,35031,2019,-2.6
1816,35033,2019,0.1
1817,35035,2019,3.1
1818,35037,2019,-0.6
1819,35039,2019,-2.7
1820,35041,2019,0.1
1821,35043,2019,-1.5
1822,35045,2019,-3.5
1823,35047,2019,0.3
1824,35049,2019,-1.1
1825,35051,2019,3.9
1826,35053,2019,1.6
1827,35055,2019,-1.3
1828,35057,2019,0.9
1829,35059,2019,-3
1830,35061,2019,0.3
1831,36001,2019,7.6
1832,36003,2019,8.8
1833,36005,2019,10
1834,36007,2019,9
1835,36009,2019,9.7
1836,36011,2019,6.9
1837,36013,2019,9.6
1838,36015,2019,8.5
1839,36017,2019,8.5
1840,36019,2019,9.5
1841,36021,2019,7.8
1842,36023,2019,7.6
1843,36025,2019,8.7
1844,36027,2019,10.1
1845,36029,2019,9.4
1846,36031,2019,7.8
1847,36033,2019,8.7
1848,36035,2019,7.9
1849,36037,2019,8.6
1850,36039,2019,7.8
1851,36041,2019,7.8
1852,36043,2019,8
1853,36045,2019,8.8
1854,36047,2019,9.9
1855,36049,2019,8.6
1856,36051,2019,8.6
1857,36053,2019,7.9
1858,36055,2019,8.4
1859,36057,2019,8
1860,36059,2019,9.8
1861,36061,2019,10.1
1862,36063,2019,8.9
1863,36065,2019,7.8
1864,36067,2019,7.9
1865,36069,2019,7.4
1866,36071,2019,10
1867,36073,2019,8.7
1868,36075,2019,8.2
1869,36077,2019,7.9
1870,36079,2019,11
1871,36081,2019,9.7
1872,36083,2019,7.2
1873,36085,2019,10.3
1874,36087,2019,10.6
1875,36089,2019,8.7
1876,36091,2019,7.5
1877,36093,2019,7.9
1878,36095,2019,7.6
1879,36097,2019,7.6
1880,36099,2019,6.5
1881,36101,2019,8.2
1882,36103,2019,9.1
1883,36105,2019,9.3
1884,36107,2019,8.4
1885,36109,2019,6.8
1886,36111,2019,9.1
1887,36113,2019,7.5
1888,36115,2019,7.4
1889,36117,2019,6.9
1890,36119,2019,10.7
1891,36121,2019,9.4
1892,36123,2019,7
1893,37001,2019,9
1894,37003,2019,10.3
1895,37005,2019,10.9
1896,37007,2019,9
1897,37009,2019,11.4
1898,37011,2019,10.2
1899,37013,2019,8.2
1900,37015,2019,9.1
1901,37017,2019,8.1
1902,37019,2019,8.1
1903,37021,2019,9.4
1904,37023,2019,9.6
1905,37025,2019,9.3
1906,37027,2019,10.1
1907,37029,2019,9.2
1908,37031,2019,7.7
1909,37033,2019,8.8
1910,37035,2019,10.2
1911,37037,2019,9.4
1912,37039,2019,9.2
1913,37041,2019,9
1914,37043,2019,9.3
1915,37045,2019,9.3
1916,37047,2019,7.6
1917,37049,2019,8.3
1918,37051,2019,9.2
1919,37053,2019,9.1
1920,37055,2019,8.8
1921,37057,2019,10.1
1922,37059,2019,10.4
1923,37061,2019,8.9
1924,37063,2019,9
1925,37065,2019,9.1
1926,37067,2019,9.7
1927,37069,2019,9.6
1928,37071,2019,10.5
1929,37073,2019,9.2
1930,37075,2019,9
1931,37077,2019,9.1
1932,37079,2019,8.7
1933,37081,2019,9
1934,37083,2019,9.3
1935,37085,2019,9.6
1936,37087,2019,9.7
1937,37089,2019,8.6
1938,37091,2019,9.4
1939,37093,2019,9.2
1940,37095,2019,7.9
1941,37097,2019,10.3
1942,37099,2019,9.2
1943,37101,2019,9.8
1944,37103,2019,8.5
1945,37105,2019,9.7
1946,37107,2019,8.1
1947,37109,2019,10.5
1948,37111,2019,9.2
1949,37113,2019,9.1
1950,37115,2019,9.9
1951,37117,2019,8.8
1952,37119,2019,9.9
1953,37121,2019,10.2
1954,37123,2019,9
1955,37125,2019,9.1
1956,37127,2019,9.5
1957,37129,2019,8.9
1958,37131,2019,9.5
1959,37133,2019,8.9
1960,37135,2019,9.1
1961,37137,2019,7.7
1962,37139,2019,9.3
1963,37141,2019,8.9
1964,37143,2019,9.1
1965,37145,2019,9
1966,37147,2019,8.8
1967,37149,2019,8.2
1968,37151,2019,9
1969,37153,2019,9.3
1970,37155,2019,8.4
1971,37157,2019,8.3
1972,37159,2019,9.8
1973,37161,2019,8.7
1974,37163,2019,9.1
1975,37165,2019,9.3
1976,37167,2019,8.8
1977,37169,2019,8.6
1978,37171,2019,9.6
1979,37173,2019,9.1
1980,37175,2019,9.2
1981,37177,2019,8.7
1982,37179,2019,9.2
1983,37181,2019,9
1984,37183,2019,9.2
1985,37185,2019,9.3
1986,37187,2019,8.6
1987,37189,2019,10.8
1988,37191,2019,9.2
1989,37193,2019,10.9
1990,37195,2019,9.6
1991,37197,2019,10.1
1992,37199,2019,10.1
1993,38001,2019,-4
1994,38003,2019,-0.8
1995,38005,2019,-1.8
1996,38007,2019,-4
1997,38009,2019,-1.4
1998,38011,2019,-4.8
1999,38013,2019,-2.7
2000,38015,2019,-1.8
2001,38017,2019,0.5
2002,38019,2019,-0.5
2003,38021,2019,-2
2004,38023,2019,-2.4
2005,38025,2019,-3.7
2006,38027,2019,-2.4
2007,38029,2019,-1.7
2008,38031,2019,-2.5
2009,38033,2019,-4.1
2010,38035,2019,-1.4
2011,38037,2019,-3
2012,38039,2019,-1.9
2013,38041,2019,-3.9
2014,38043,2019,-2
2015,38045,2019,-1.5
2016,38047,2019,-1.7
2017,38049,2019,-1.5
2018,38051,2019,-2.6
2019,38053,2019,-3.5
2020,38055,2019,-2.1
2021,38057,2019,-3.3
2022,38059,2019,-2.7
2023,38061,2019,-2.7
2024,38063,2019,-2.7
2025,38065,2019,-3
2026,38067,2019,0.8
2027,38069,2019,-1.5
2028,38071,2019,-2.1
2029,38073,2019,-0.7
2030,38075,2019,-1.3
2031,38077,2019,-0.3
2032,38079,2019,-1
2033,38081,2019,-1.4
2034,38083,2019,-1.8
2035,38085,2019,-1.8
2036,38087,2019,-4.3
2037,38089,2019,-4.3
2038,38091,2019,-1.1
2039,38093,2019,-1.6
2040,38095,2019,-0.7
2041,38097,2019,0.2
2042,38099,2019,-1.6
2043,38101,2019,-1.6
2044,38103,2019,-2.2
2045,38105,2019,-3.2
2046,39001,2019,10.9
2047,39003,2019,11.6
2048,39005,2019,11.4
2049,39007,2019,11.4
2050,39009,2019,11.5
2051,39011,2019,10.8
2052,39013,2019,11
2053,39015,2019,10.8
2054,39017,2019,11.2
2055,39019,2019,11.9
2056,39021,2019,11
2057,39023,2019,11.3
2058,39025,2019,10.9
2059,39027,2019,10.7
2060,39029,2019,10.8
2061,39031,2019,11
2062,39033,2019,11.5
2063,39035,2019,11.6
2064,39037,2019,10.2
2065,39039,2019,9.9
2066,39041,2019,11.1
2067,39043,2019,9.9
2068,39045,2019,10.3
2069,39047,2019,10.7
2070,39049,2019,10.5
2071,39051,2019,9.9
2072,39053,2019,11.1
2073,39055,2019,11.4
2074,39057,2019,11.3
2075,39059,2019,10.4
2076,39061,2019,11.1
2077,39063,2019,12.4
2078,39065,2019,12.8
2079,39067,2019,11.7
2080,39069,2019,10.7
2081,39071,2019,10.6
2082,39073,2019,10.7
2083,39075,2019,11.7
2084,39077,2019,10.4
2085,39079,2019,10.4
2086,39081,2019,11.2
2087,39083,2019,10.3
2088,39085,2019,11
2089,39087,2019,11.5
2090,39089,2019,9.6
2091,39091,2019,11.2
2092,39093,2019,11.1
2093,39095,2019,10.5
2094,39097,2019,11.1
2095,39099,2019,11.7
2096,39101,2019,12
2097,39103,2019,11.9
2098,39105,2019,11.4
2099,39107,2019,10.1
2100,39109,2019,11.3
2101,39111,2019,11.4
2102,39113,2019,11.7
2103,39115,2019,10.5
2104,39117,2019,11.1
2105,39119,2019,10
2106,39121,2019,10.6
2107,39123,2019,10
2108,39125,2019,10
2109,39127,2019,10.3
2110,39129,2019,10.7
2111,39131,2019,10.8
2112,39133,2019,12.2
2113,39135,2019,10.6
2114,39137,2019,11.2
2115,39139,2019,11.5
2116,39141,2019,10.6
2117,39143,2019,10.1
2118,39145,2019,11.3
2119,39147,2019,10.6
2120,39149,2019,10.7
2121,39151,2019,12.8
2122,39153,2019,12.5
2123,39155,2019,12
2124,39157,2019,12
2125,39159,2019,11.2
2126,39161,2019,10.2
2127,39163,2019,10.4
2128,39165,2019,11.4
2129,39167,2019,11.6
2130,39169,2019,11.8
2131,39171,2019,9.9
2132,39173,2019,10.9
2133,39175,2019,12.5
2134,40001,2019,1.9
2135,40003,2019,1.9
2136,40005,2019,2
2137,40007,2019,-1.2
2138,40009,2019,1
2139,40011,2019,1.4
2140,40013,2019,1.9
2141,40015,2019,1.3
2142,40017,2019,1.6
2143,40019,2019,3
2144,40021,2019,0.9
2145,40023,2019,1.9
2146,40025,2019,-3.5
2147,40027,2019,1
2148,40029,2019,2.5
2149,40031,2019,1.4
2150,40033,2019,1.9
2151,40035,2019,0.6
2152,40037,2019,1.4
2153,40039,2019,1
2154,40041,2019,1.1
2155,40043,2019,1.1
2156,40045,2019,0.2
2157,40047,2019,1.9
2158,40049,2019,2.1
2159,40051,2019,1.5
2160,40053,2019,2
2161,40055,2019,1.2
2162,40057,2019,1.4
2163,40059,2019,0.2
2164,40061,2019,1.5
2165,40063,2019,1.6
2166,40065,2019,1.7
2167,40067,2019,2.8
2168,40069,2019,2.8
2169,40071,2019,2.7
2170,40073,2019,1.5
2171,40075,2019,1.5
2172,40077,2019,1.6
2173,40079,2019,3.2
2174,40081,2019,1.4
2175,40083,2019,2.1
2176,40085,2019,3.2
2177,40087,2019,1.2
2178,40089,2019,4.1
2179,40091,2019,0.9
2180,40093,2019,1.6
2181,40095,2019,2.6
2182,40097,2019,0
2183,40099,2019,3
2184,40101,2019,0.8
2185,40103,2019,2.8
2186,40105,2019,1
2187,40107,2019,0.9
2188,40109,2019,1.4
2189,40111,2019,1
2190,40113,2019,2.2
2191,40115,2019,1.9
2192,40117,2019,2.7
2193,40119,2019,2.5
2194,40121,2019,1.3
2195,40123,2019,2.6
2196,40125,2019,1
2197,40127,2019,2
2198,40129,2019,0.8
2199,40131,2019,0.6
2200,40133,2019,1.3
2201,40135,2019,2.3
2202,40137,2019,2.3
2203,40139,2019,-1.8
2204,40141,2019,2
2205,40143,2019,1.1
2206,40145,2019,0.6
2207,40147,2019,1.5
2208,40149,2019,1.1
2209,40151,2019,1.9
2210,40153,2019,1.1
2211,41001,2019,-7.7
2212,41003,2019,-3.3
2213,41005,2019,-3.9
2214,41007,2019,-3.2
2215,41009,2019,-4.2
2216,41011,2019,-2.5
2217,41013,2019,-5
2218,41015,2019,-2.3
2219,41017,2019,-4.6
2220,41019,2019,-4.7
2221,41021,2019,-3.5
2222,41023,2019,-5.6
2223,41025,2019,-5.8
2224,41027,2019,-4.7
2225,41029,2019,-6
2226,41031,2019,-5
2227,41033,2019,-3.9
2228,41035,2019,-5.3
2229,41037,2019,-4.7
2230,41039,2019,-3.7
2231,41041,2019,-3.1
2232,41043,2019,-3.8
2233,41045,2019,-7.5
2234,41047,2019,-4
2235,41049,2019,-3.7
2236,41051,2019,-3.7
2237,41053,2019,-3.5
2238,41055,2019,-4.2
2239,41057,2019,-3.1
2240,41059,2019,-4.2
2241,41061,2019,-6.5
2242,41063,2019,-8.3
2243,41065,2019,-4.9
2244,41067,2019,-3.9
2245,41069,2019,-4.9
2246,41071,2019,-3.5
2247,42001,2019,9.7
2248,42003,2019,10.1
2249,42005,2019,10.2
2250,42007,2019,10.1
2251,42009,2019,9.2
2252,42011,2019,9.3
2253,42013,2019,8.5
2254,42015,2019,8.8
2255,42017,2019,10.4
2256,42019,2019,10.2
2257,42021,2019,8.9
2258,42023,2019,7.6
2259,42025,2019,9.9
2260,42027,2019,7.3
2261,42029,2019,9.4
2262,42031,2019,10.7
2263,42033,2019,8.1
2264,42035,2019,7.3
2265,42037,2019,9.1
2266,42039,2019,11.1
2267,42041,2019,9.8
2268,42043,2019,10.7
2269,42045,2019,9.1
2270,42047,2019,9.3
2271,42049,2019,10.4
2272,42051,2019,10.1
2273,42053,2019,9.9
2274,42055,2019,9.2
2275,42057,2019,9
2276,42059,2019,10.6
2277,42061,2019,8.4
2278,42063,2019,9.4
2279,42065,2019,9.6
2280,42067,2019,8.9
2281,42069,2019,10
2282,42071,2019,9.5
2283,42073,2019,10.9
2284,42075,2019,10.2
2285,42077,2019,10.6
2286,42079,2019,9.4
2287,42081,2019,8.3
2288,42083,2019,9.6
2289,42085,2019,11.5
2290,42087,2019,8.2
2291,42089,2019,9.6
2292,42091,2019,9.7
2293,42093,2019,9.3
2294,42095,2019,10.5
2295,42097,2019,9.7
2296,42099,2019,9.7
2297,42101,2019,9.3
2298,42103,2019,9.2
2299,42105,2019,8
2300,42107,2019,9.6
2301,42109,2019,9.2
2302,42111,2019,10.1
2303,42113,2019,8.6
2304,42115,2019,9.5
2305,42117,2019,8.3
2306,42119,2019,8.8
2307,42121,2019,10.9
2308,42123,2019,9.8
2309,42125,2019,10.6
2310,42127,2019,9.5
2311,42129,2019,9.8
2312,42131,2019,9.7
2313,42133,2019,10.3
2314,44001,2019,7.6
2315,44003,2019,8.3
2316,44005,2019,7.9
2317,44007,2019,8
2318,44009,2019,8.7
2319,45001,2019,6.9
2320,45003,2019,8.1
2321,45005,2019,7.4
2322,45007,2019,7.6
2323,45009,2019,6.8
2324,45011,2019,7.7
2325,45013,2019,6.5
2326,45015,2019,7.8
2327,45017,2019,6.9
2328,45019,2019,7.4
2329,45021,2019,8.8
2330,45023,2019,8.4
2331,45025,2019,9
2332,45027,2019,7.2
2333,45029,2019,6.8
2334,45031,2019,8.9
2335,45033,2019,8.3
2336,45035,2019,7.7
2337,45037,2019,8
2338,45039,2019,7.2
2339,45041,2019,7.5
2340,45043,2019,5.8
2341,45045,2019,8.6
2342,45047,2019,7.9
2343,45049,2019,6.8
2344,45051,2019,6.9
2345,45053,2019,7
2346,45055,2019,7.9
2347,45057,2019,8.5
2348,45059,2019,8.6
2349,45061,2019,8.2
2350,45063,2019,7.1
2351,45065,2019,7.3
2352,45067,2019,7.5
2353,45069,2019,9.1
2354,45071,2019,8.1
2355,45073,2019,8.2
2356,45075,2019,7.1
2357,45077,2019,9
2358,45079,2019,7
2359,45081,2019,7.7
2360,45083,2019,9
2361,45085,2019,7.4
2362,45087,2019,8.4
2363,45089,2019,6.7
2364,45091,2019,9.1
2365,46003,2019,-2.1
2366,46005,2019,-1.9
2367,46007,2019,-6
2368,46009,2019,0
2369,46011,2019,0.7
2370,46013,2019,-1.6
2371,46015,2019,-2.2
2372,46017,2019,-2.4
2373,46019,2019,-5.7
2374,46021,2019,-2
2375,46023,2019,-1
2376,46025,2019,-0.9
2377,46027,2019,-0.7
2378,46029,2019,-0.3
2379,46031,2019,-2.4
2380,46033,2019,-5.8
2381,46035,2019,-1.7
2382,46037,2019,-1.3
2383,46039,2019,0.5
2384,46041,2019,-1.9
2385,46043,2019,-1.3
2386,46045,2019,-2.5
2387,46047,2019,-5.2
2388,46049,2019,-2.9
2389,46051,2019,-0.6
2390,46053,2019,-1.1
2391,46055,2019,-4.3
2392,46057,2019,0
2393,46059,2019,-2.3
2394,46061,2019,-1
2395,46063,2019,-5
2396,46065,2019,-1.9
2397,46067,2019,-0.4
2398,46069,2019,-1.4
2399,46071,2019,-5.5
2400,46073,2019,-2.6
2401,46075,2019,-4.4
2402,46077,2019,-0.9
2403,46079,2019,0.2
2404,46081,2019,-7.6
2405,46083,2019,-0.8
2406,46085,2019,-3.3
2407,46087,2019,-0.2
2408,46089,2019,-2.8
2409,46091,2019,-2
2410,46093,2019,-6.1
2411,46095,2019,-4.4
2412,46097,2019,-0.8
2413,46099,2019,0.5
2414,46101,2019,1.2
2415,46113,2019,-6.1
2416,46103,2019,-5.9
2417,46105,2019,-4.6
2418,46107,2019,-1.8
2419,46109,2019,-1.2
2420,46111,2019,-2
2421,46115,2019,-1.7
2422,46117,2019,-2.8
2423,46119,2019,-1.6
2424,46121,2019,-3.9
2425,46123,2019,-2.4
2426,46125,2019,-0.2
2427,46127,2019,-1.1
2428,46129,2019,-1.8
2429,46135,2019,0.2
2430,46137,2019,-3.2
2431,47001,2019,9.2
2432,47003,2019,9.8
2433,47005,2019,8.7
2434,47007,2019,11.1
2435,47009,2019,8.8
2436,47011,2019,10.2
2437,47013,2019,9.5
2438,47015,2019,11.4
2439,47017,2019,8
2440,47019,2019,11.2
2441,47021,2019,9
2442,47023,2019,7.6
2443,47025,2019,8.9
2444,47027,2019,9.7
2445,47029,2019,9.9
2446,47031,2019,10.6
2447,47033,2019,7.2
2448,47035,2019,10.3
2449,47037,2019,9.3
2450,47039,2019,8.6
2451,47041,2019,10.9
2452,47043,2019,8.4
2453,47045,2019,7
2454,47047,2019,7.7
2455,47049,2019,12
2456,47051,2019,10.2
2457,47053,2019,7.2
2458,47055,2019,8.9
2459,47057,2019,9.5
2460,47059,2019,9.7
2461,47061,2019,10.7
2462,47063,2019,9.8
2463,47065,2019,10.5
2464,47067,2019,9.3
2465,47069,2019,7.6
2466,47071,2019,7.8
2467,47073,2019,9.8
2468,47075,2019,7.7
2469,47077,2019,8.1
2470,47079,2019,7.9
2471,47081,2019,8.6
2472,47083,2019,8.3
2473,47085,2019,8.4
2474,47087,2019,10
2475,47089,2019,10.1
2476,47091,2019,12
2477,47093,2019,9.2
2478,47095,2019,7.6
2479,47097,2019,6.7
2480,47099,2019,9.3
2481,47101,2019,9
2482,47103,2019,9.2
2483,47105,2019,9.2
2484,47107,2019,10.6
2485,47109,2019,7
2486,47111,2019,8.6
2487,47113,2019,7.6
2488,47115,2019,10.2
2489,47117,2019,9.4
2490,47119,2019,9
2491,47121,2019,11
2492,47123,2019,9.5
2493,47125,2019,8.4
2494,47127,2019,9.8
2495,47129,2019,10.6
2496,47131,2019,7.3
2497,47133,2019,10.7
2498,47135,2019,8.9
2499,47137,2019,11.5
2500,47139,2019,9.8
2501,47141,2019,10.7
2502,47143,2019,11
2503,47145,2019,9.6
2504,47147,2019,8
2505,47149,2019,10.2
2506,47151,2019,10.9
2507,47153,2019,10.8
2508,47155,2019,9.3
2509,47157,2019,6.7
2510,47159,2019,9.8
2511,47161,2019,8
2512,47163,2019,11.5
2513,47165,2019,8.3
2514,47167,2019,7
2515,47169,2019,9.2
2516,47171,2019,10.2
2517,47173,2019,9.1
2518,47175,2019,11.4
2519,47177,2019,11.7
2520,47179,2019,10.5
2521,47181,2019,9.2
2522,47183,2019,7.1
2523,47185,2019,10.9
2524,47187,2019,9.3
2525,47189,2019,9.8
2526,48001,2019,2.2
2527,48003,2019,1.6
2528,48005,2019,4.3
2529,48007,2019,7.2
2530,48009,2019,2.9
2531,48011,2019,0
2532,48013,2019,4.7
2533,48015,2019,5.7
2534,48017,2019,-0.1
2535,48019,2019,4.7
2536,48021,2019,4.9
2537,48023,2019,3.3
2538,48025,2019,5.4
2539,48027,2019,3.3
2540,48029,2019,4.6
2541,48031,2019,3.7
2542,48033,2019,2.1
2543,48035,2019,2.1
2544,48037,2019,5
2545,48039,2019,7.4
2546,48041,2019,5.2
2547,48043,2019,4.4
2548,48045,2019,1.6
2549,48047,2019,7
2550,48049,2019,3.4
2551,48051,2019,5
2552,48053,2019,3.8
2553,48055,2019,4.9
2554,48057,2019,7.7
2555,48059,2019,3.1
2556,48061,2019,6
2557,48063,2019,2.2
2558,48065,2019,-1.1
2559,48067,2019,4.1
2560,48069,2019,-0.3
2561,48071,2019,6.8
2562,48073,2019,2.9
2563,48075,2019,1.8
2564,48077,2019,2.7
2565,48079,2019,0.2
2566,48081,2019,3.4
2567,48083,2019,3.8
2568,48085,2019,1.6
2569,48087,2019,1.1
2570,48089,2019,6.9
2571,48091,2019,3.8
2572,48093,2019,2.8
2573,48095,2019,4.1
2574,48097,2019,2.6
2575,48099,2019,2.7
2576,48101,2019,2.1
2577,48103,2019,4.2
2578,48105,2019,5.4
2579,48107,2019,1.9
2580,48109,2019,2.5
2581,48111,2019,-2.7
2582,48113,2019,1.8
2583,48115,2019,1
2584,48117,2019,-0.9
2585,48119,2019,0.8
2586,48121,2019,2.2
2587,48123,2019,5.9
2588,48125,2019,2.5
2589,48127,2019,6.5
2590,48129,2019,0.9
2591,48131,2019,6.6
2592,48133,2019,2.9
2593,48135,2019,3.1
2594,48137,2019,4.7
2595,48139,2019,1.3
2596,48141,2019,3.9
2597,48143,2019,2.8
2598,48145,2019,2.7
2599,48147,2019,1.4
2600,48149,2019,5.8
2601,48151,2019,3.8
2602,48153,2019,1.7
2603,48155,2019,2.9
2604,48157,2019,7.1
2605,48159,2019,1.7
2606,48161,2019,2.5
2607,48163,2019,5.3
2608,48165,2019,0.2
2609,48167,2019,7.2
2610,48169,2019,2.1
2611,48171,2019,3.8
2612,48173,2019,2.4
2613,48175,2019,5.9
2614,48177,2019,5.1
2615,48179,2019,-0.6
2616,48181,2019,1.7
2617,48183,2019,2.2
2618,48185,2019,5.1
2619,48187,2019,4.4
2620,48189,2019,1
2621,48191,2019,1.8
2622,48193,2019,2.6
2623,48195,2019,-1.9
2624,48197,2019,2.2
2625,48199,2019,6.2
2626,48201,2019,6.6
2627,48203,2019,2.6
2628,48205,2019,-2
2629,48207,2019,3.1
2630,48209,2019,4
2631,48211,2019,-0.3
2632,48213,2019,2.1
2633,48215,2019,6.1
2634,48217,2019,1.9
2635,48219,2019,0.5
2636,48221,2019,2.6
2637,48223,2019,0.9
2638,48225,2019,2.7
2639,48227,2019,1.3
2640,48229,2019,2.9
2641,48231,2019,1.3
2642,48233,2019,-1.4
2643,48235,2019,4.4
2644,48237,2019,2.9
2645,48239,2019,7.8
2646,48241,2019,6
2647,48243,2019,3.6
2648,48245,2019,6.1
2649,48247,2019,7.5
2650,48249,2019,6.5
2651,48251,2019,1.9
2652,48253,2019,3.2
2653,48255,2019,5
2654,48257,2019,1.5
2655,48259,2019,3.9
2656,48261,2019,6.5
2657,48263,2019,3.1
2658,48265,2019,4.3
2659,48267,2019,4.7
2660,48269,2019,3
2661,48271,2019,5
2662,48273,2019,7.2
2663,48275,2019,3.2
2664,48277,2019,1.4
2665,48279,2019,0.1
2666,48281,2019,3.5
2667,48283,2019,5.9
2668,48285,2019,7.1
2669,48287,2019,4.6
2670,48289,2019,3.6
2671,48291,2019,6.7
2672,48293,2019,2.6
2673,48295,2019,-0.7
2674,48297,2019,5.1
2675,48299,2019,4.1
2676,48301,2019,2.8
2677,48303,2019,1.2
2678,48305,2019,1.3
2679,48307,2019,4.8
2680,48309,2019,2.3
2681,48311,2019,5.1
2682,48313,2019,4.4
2683,48315,2019,3
2684,48317,2019,1.1
2685,48319,2019,4.5
2686,48321,2019,8.1
2687,48323,2019,6.1
2688,48325,2019,5
2689,48327,2019,4.9
2690,48329,2019,2.8
2691,48331,2019,3.9
2692,48333,2019,3.2
2693,48335,2019,3.1
2694,48337,2019,3.2
2695,48339,2019,5.7
2696,48341,2019,-1.8
2697,48343,2019,2.9
2698,48345,2019,1.9
2699,48347,2019,3.8
2700,48349,2019,1.6
2701,48351,2019,6.4
2702,48353,2019,3.9
2703,48355,2019,6.6
2704,48357,2019,-1.5
2705,48359,2019,-1.6
2706,48361,2019,6.2
2707,48363,2019,3
2708,48365,2019,3.2
2709,48367,2019,2.9
2710,48369,2019,-0.4
2711,48371,2019,3.9
2712,48373,2019,4.4
2713,48375,2019,-1.7
2714,48377,2019,4.1
2715,48379,2019,1.6
2716,48381,2019,-1.3
2717,48383,2019,4.6
2718,48385,2019,4.7
2719,48387,2019,2.8
2720,48389,2019,3.2
2721,48391,2019,6.6
2722,48393,2019,-1.1
2723,48395,2019,4.6
2724,48397,2019,1.6
2725,48399,2019,3.1
2726,48401,2019,2.8
2727,48403,2019,6.2
2728,48405,2019,5.2
2729,48407,2019,4.7
2730,48409,2019,6.1
2731,48411,2019,4.2
2732,48413,2019,4.5
2733,48415,2019,3.2
2734,48417,2019,3.5
2735,48419,2019,4.2
2736,48421,2019,-2.3
2737,48423,2019,2.5
2738,48425,2019,2.3
2739,48427,2019,7.4
2740,48429,2019,3.4
2741,48431,2019,3.3
2742,48433,2019,3.1
2743,48435,2019,5.2
2744,48437,2019,0.3
2745,48439,2019,2.1
2746,48441,2019,3
2747,48443,2019,4.4
2748,48445,2019,0.6
2749,48447,2019,3.4
2750,48449,2019,2.8
2751,48451,2019,3.8
2752,48453,2019,4.3
2753,48455,2019,3.1
2754,48457,2019,5.3
2755,48459,2019,2.1
2756,48461,2019,4.3
2757,48463,2019,5.2
2758,48465,2019,5.3
2759,48467,2019,2.1
2760,48469,2019,6.8
2761,48471,2019,4
2762,48473,2019,5.8
2763,48475,2019,3.5
2764,48477,2019,5.1
2765,48479,2019,6.5
2766,48481,2019,7.9
2767,48483,2019,0.2
2768,48485,2019,2.5
2769,48487,2019,2.7
2770,48489,2019,6
2771,48491,2019,3.7
2772,48493,2019,4.7
2773,48495,2019,3.1
2774,48497,2019,2.8
2775,48499,2019,2
2776,48501,2019,0.3
2777,48503,2019,3.3
2778,48505,2019,7.9
2779,48507,2019,6.1
2780,49001,2019,-5.7
2781,49003,2019,-8.2
2782,49005,2019,-8.5
2783,49007,2019,-3.9
2784,49009,2019,-3.4
2785,49011,2019,-6.9
2786,49013,2019,-3.7
2787,49015,2019,-4.1
2788,49017,2019,-3
2789,49019,2019,-4.3
2790,49021,2019,-4.2
2791,49023,2019,-7.4
2792,49025,2019,-2.6
2793,49027,2019,-7.7
2794,49029,2019,-6.4
2795,49031,2019,-5.1
2796,49033,2019,-7.6
2797,49035,2019,-6.2
2798,49037,2019,-2.8
2799,49039,2019,-4.9
2800,49041,2019,-5.6
2801,49043,2019,-5.5
2802,49045,2019,-7.7
2803,49047,2019,-3.2
2804,49049,2019,-5.6
2805,49051,2019,-5.3
2806,49053,2019,-4
2807,49055,2019,-3.1
2808,49057,2019,-7.4
2809,50001,2019,7.8
2810,50003,2019,7.5
2811,50005,2019,7
2812,50007,2019,9.2
2813,50009,2019,7.7
2814,50011,2019,9.7
2815,50013,2019,9.9
2816,50015,2019,8.7
2817,50017,2019,7.7
2818,50019,2019,8.2
2819,50021,2019,7.3
2820,50023,2019,7.8
2821,50025,2019,7.7
2822,50027,2019,7.2
2823,51001,2019,9.5
2824,51003,2019,9.7
2825,51005,2019,8.3
2826,51007,2019,10.2
2827,51009,2019,8.6
2828,51011,2019,8.8
2829,51013,2019,10.8
2830,51015,2019,8.5
2831,51017,2019,8.6
2832,51019,2019,7.9
2833,51021,2019,10
2834,51023,2019,7.4
2835,51025,2019,9.7
2836,51027,2019,11.4
2837,51029,2019,9.3
2838,51031,2019,9
2839,51033,2019,10.3
2840,51035,2019,9.5
2841,51036,2019,10
2842,51037,2019,9.4
2843,51041,2019,10.1
2844,51043,2019,10.4
2845,51045,2019,7.9
2846,51047,2019,10.4
2847,51049,2019,9.9
2848,51051,2019,11.5
2849,51053,2019,9.9
2850,51057,2019,10.4
2851,51059,2019,11.1
2852,51061,2019,10.9
2853,51063,2019,7.8
2854,51065,2019,9.8
2855,51067,2019,6.7
2856,51069,2019,10.2
2857,51071,2019,9.3
2858,51073,2019,9.5
2859,51075,2019,10.1
2860,51077,2019,11.3
2861,51079,2019,9.9
2862,51081,2019,9.8
2863,51083,2019,9.5
2864,51085,2019,10.3
2865,51087,2019,10.1
2866,51089,2019,7.4
2867,51091,2019,7.5
2868,51093,2019,8.9
2869,51095,2019,9.8
2870,51097,2019,10.4
2871,51099,2019,10.7
2872,51101,2019,10.4
2873,51103,2019,10
2874,51105,2019,9.3
2875,51107,2019,10.6
2876,51109,2019,10
2877,51111,2019,9.4
2878,51113,2019,9.9
2879,51115,2019,9.4
2880,51117,2019,9.1
2881,51119,2019,10
2882,51121,2019,8.2
2883,51125,2019,8.7
2884,51127,2019,10.2
2885,51131,2019,9.2
2886,51133,2019,9.9
2887,51135,2019,10
2888,51137,2019,10.3
2889,51139,2019,9.2
2890,51141,2019,7.7
2891,51143,2019,8.4
2892,51145,2019,10.3
2893,51147,2019,9.3
2894,51149,2019,9.9
2895,51153,2019,11.6
2896,51155,2019,9.5
2897,51157,2019,9.7
2898,51159,2019,10.3
2899,51161,2019,7.3
2900,51163,2019,8.1
2901,51165,2019,9.1
2902,51167,2019,12.6
2903,51169,2019,10.5
2904,51171,2019,9.3
2905,51173,2019,12.6
2906,51175,2019,9.5
2907,51177,2019,10.4
2908,51179,2019,11.3
2909,51181,2019,9.6
2910,51183,2019,9.8
2911,51185,2019,11.3
2912,51187,2019,9.9
2913,51191,2019,13
2914,51193,2019,10.3
2915,51195,2019,10.6
2916,51197,2019,10.7
2917,51199,2019,9.1
2918,51510,2019,10.8
2919,51520,2019,12.3
2920,51530,2019,8.1
2921,51540,2019,9.9
2922,51550,2019,8.7
2923,51570,2019,10
2924,51580,2019,8
2925,51590,2019,8.7
2926,51595,2019,10
2927,51600,2019,11
2928,51610,2019,10.8
2929,51620,2019,9.2
2930,51630,2019,10.8
2931,51640,2019,10.2
2932,51650,2019,8.2
2933,51660,2019,9
2934,51670,2019,10
2935,51680,2019,8.8
2936,51683,2019,11.7
2937,51685,2019,11.6
2938,51690,2019,7.2
2939,51700,2019,8.7
2940,51710,2019,8.4
2941,51720,2019,10.6
2942,51730,2019,9.9
2943,51735,2019,8.5
2944,51740,2019,8.3
2945,51750,2019,8.8
2946,51760,2019,10.1
2947,51770,2019,7.1
2948,51775,2019,7.2
2949,51790,2019,8.7
2950,51800,2019,8.8
2951,51810,2019,8.8
2952,51820,2019,8.8
2953,51830,2019,9.7
2954,51840,2019,10.6
2955,53001,2019,-5.4
2956,53003,2019,-6.8
2957,53005,2019,-3.8
2958,53007,2019,-5.6
2959,53009,2019,-2.6
2960,53011,2019,-3.9
2961,53013,2019,-6.7
2962,53015,2019,-4
2963,53017,2019,-6.5
2964,53019,2019,-6.7
2965,53021,2019,-4.4
2966,53023,2019,-7.3
2967,53025,2019,-5.8
2968,53027,2019,-3.6
2969,53029,2019,-2.6
2970,53031,2019,-3
2971,53033,2019,-2.6
2972,53035,2019,-1.6
2973,53037,2019,-5.4
2974,53039,2019,-4
2975,53041,2019,-4.4
2976,53043,2019,-6.6
2977,53045,2019,-2.7
2978,53047,2019,-6
2979,53049,2019,-3.7
2980,53051,2019,-7.4
2981,53053,2019,-3.1
2982,53055,2019,-3.2
2983,53057,2019,-4.3
2984,53059,2019,-4.1
2985,53061,2019,-3.8
2986,53063,2019,-5.8
2987,53065,2019,-7
2988,53067,2019,-3.8
2989,53069,2019,-3.7
2990,53071,2019,-4.8
2991,53073,2019,-4.5
2992,53075,2019,-5
2993,53077,2019,-4.5
2994,54001,2019,11.9
2995,54003,2019,9.8
2996,54005,2019,10.9
2997,54007,2019,11.8
2998,54009,2019,11.2
2999,54011,2019,11.8
3000,54013,2019,12.5
3001,54015,2019,11.6
3002,54017,2019,12.7
3003,54019,2019,10.3
3004,54021,2019,12.6
3005,54023,2019,9.9
3006,54025,2019,9.8
3007,54027,2019,9.7
3008,54029,2019,10.4
3009,54031,2019,9.4
3010,54033,2019,13.1
3011,54035,2019,12.5
3012,54037,2019,10.2
3013,54039,2019,11.5
3014,54041,2019,12.2
3015,54043,2019,11.7
3016,54045,2019,10.8
3017,54047,2019,10
3018,54049,2019,12.4
3019,54051,2019,11.1
3020,54053,2019,11.5
3021,54055,2019,8.7
3022,54057,2019,9.8
3023,54059,2019,11
3024,54061,2019,11.1
3025,54063,2019,9.1
3026,54065,2019,9.2
3027,54067,2019,10.6
3028,54069,2019,11.1
3029,54071,2019,8.9
3030,54073,2019,12
3031,54075,2019,9.3
3032,54077,2019,10.8
3033,54079,2019,11.9
3034,54081,2019,9.6
3035,54083,2019,10.3
3036,54085,2019,12.3
3037,54087,2019,12.4
3038,54089,2019,9.3
3039,54091,2019,12.1
3040,54093,2019,10.6
3041,54095,2019,12.3
3042,54097,2019,11.3
3043,54099,2019,11.8
3044,54101,2019,10.1
3045,54103,2019,11.9
3046,54105,2019,12.3
3047,54107,2019,12
3048,54109,2019,9.5
3049,55001,2019,4.7
3050,55003,2019,3.9
3051,55005,2019,4.2
3052,55007,2019,3.2
3053,55009,2019,7.6
3054,55011,2019,3.8
3055,55013,2019,4
3056,55015,2019,7.4
3057,55017,2019,4.4
3058,55019,2019,4.2
3059,55021,2019,6
3060,55023,2019,3.6
3061,55025,2019,6.1
3062,55027,2019,5.5
3063,55029,2019,7.4
3064,55031,2019,3.4
3065,55033,2019,4.5
3066,55035,2019,4.8
3067,55037,2019,7.3
3068,55039,2019,6.4
3069,55041,2019,6.8
3070,55043,2019,3.6
3071,55045,2019,6.7
3072,55047,2019,5.6
3073,55049,2019,5
3074,55051,2019,4.2
3075,55053,2019,4.5
3076,55055,2019,5.4
3077,55057,2019,4.4
3078,55059,2019,5
3079,55061,2019,7.9
3080,55063,2019,3.1
3081,55065,2019,5.2
3082,55067,2019,7.2
3083,55069,2019,5.5
3084,55071,2019,7.5
3085,55073,2019,5
3086,55075,2019,6.9
3087,55077,2019,5.2
3088,55078,2019,7.6
3089,55079,2019,4.9
3090,55081,2019,3.4
3091,55083,2019,7.3
3092,55085,2019,5.8
3093,55087,2019,7.2
3094,55089,2019,5.6
3095,55091,2019,3.8
3096,55093,2019,2.9
3097,55095,2019,3.9
3098,55097,2019,5.5
3099,55099,2019,4.5
3100,55101,2019,4.9
3101,55103,2019,4.3
3102,55105,2019,6.9
3103,55107,2019,4.3
3104,55109,2019,3.5
3105,55111,2019,5.3
3106,55113,2019,4.7
3107,55115,2019,7.5
3108,55117,2019,6.2
3109,55119,2019,2.9
3110,55121,2019,4
3111,55123,2019,3.1
3112,55125,2019,5.8
3113,55127,2019,5.9
3114,55129,2019,4.5
3115,55131,2019,5.7
3116,55133,2019,4.9
3117,55135,2019,6.6
3118,55137,2019,5.3
3119,55139,2019,6.2
3120,55141,2019,4.5
3121,56001,2019,-6.3
3122,56003,2019,-9.1
3123,56005,2019,-6.9
3124,56007,2019,-6
3125,56009,2019,-6.8
3126,56011,2019,-8.1
3127,56013,2019,-8
3128,56015,2019,-6
3129,56017,2019,-10
3130,56019,2019,-7.9
3131,56021,2019,-5.1
3132,56023,2019,-7.4
3133,56025,2019,-8.3
3134,56027,2019,-5.1
3135,56029,2019,-9.7
3136,56031,2019,-8.1
3137,56033,2019,-8.5
3138,56035,2019,-7.2
3139,56037,2019,-4.2
3140,56039,2019,-9.6
3141,56041,2019,-5.6
3142,56043,2019,-9.3
3143,56045,2019,-6.4